-- MySQL dump 10.13  Distrib 5.7.25, for Linux (x86_64)
--
-- Host: localhost    Database: campbug
-- ------------------------------------------------------
-- Server version	5.7.25

/*!40101 SET @OLD_CHARACTER_SET_CLIENT=@@CHARACTER_SET_CLIENT */;
/*!40101 SET @OLD_CHARACTER_SET_RESULTS=@@CHARACTER_SET_RESULTS */;
/*!40101 SET @OLD_COLLATION_CONNECTION=@@COLLATION_CONNECTION */;
/*!40101 SET NAMES utf8 */;
/*!40103 SET @OLD_TIME_ZONE=@@TIME_ZONE */;
/*!40103 SET TIME_ZONE='+00:00' */;
/*!40014 SET @OLD_UNIQUE_CHECKS=@@UNIQUE_CHECKS, UNIQUE_CHECKS=0 */;
/*!40014 SET @OLD_FOREIGN_KEY_CHECKS=@@FOREIGN_KEY_CHECKS, FOREIGN_KEY_CHECKS=0 */;
/*!40101 SET @OLD_SQL_MODE=@@SQL_MODE, SQL_MODE='NO_AUTO_VALUE_ON_ZERO' */;
/*!40111 SET @OLD_SQL_NOTES=@@SQL_NOTES, SQL_NOTES=0 */;

--
-- Table structure for table `admins`
--

DROP TABLE IF EXISTS `admins`;
/*!40101 SET @saved_cs_client     = @@character_set_client */;
/*!40101 SET character_set_client = utf8 */;
CREATE TABLE `admins` (
  `id` int(10) unsigned NOT NULL AUTO_INCREMENT,
  `name` varchar(255) COLLATE utf8mb4_unicode_ci NOT NULL,
  `email` varchar(255) COLLATE utf8mb4_unicode_ci NOT NULL,
  `password` varchar(255) COLLATE utf8mb4_unicode_ci NOT NULL,
  `remember_token` varchar(100) COLLATE utf8mb4_unicode_ci DEFAULT NULL,
  `deleted_at` timestamp NULL DEFAULT NULL,
  `created_at` timestamp NULL DEFAULT NULL,
  `updated_at` timestamp NULL DEFAULT NULL,
  PRIMARY KEY (`id`),
  UNIQUE KEY `admins_email_unique` (`email`)
) ENGINE=InnoDB AUTO_INCREMENT=2 DEFAULT CHARSET=utf8mb4 COLLATE=utf8mb4_unicode_ci;
/*!40101 SET character_set_client = @saved_cs_client */;

--
-- Dumping data for table `admins`
--

LOCK TABLES `admins` WRITE;
/*!40000 ALTER TABLE `admins` DISABLE KEYS */;
INSERT INTO `admins` VALUES (1,'2Q','develop@suganumadenshi.com','$2y$10$md85Z4.wgvxRNfErBk7QveDxkhn.F9vLekvnOtXXb5cm2re04sk5O',NULL,NULL,'2019-03-08 11:21:50','2019-03-08 11:21:50');
/*!40000 ALTER TABLE `admins` ENABLE KEYS */;
UNLOCK TABLES;

--
-- Table structure for table `big_categories`
--

DROP TABLE IF EXISTS `big_categories`;
/*!40101 SET @saved_cs_client     = @@character_set_client */;
/*!40101 SET character_set_client = utf8 */;
CREATE TABLE `big_categories` (
  `id` int(10) unsigned NOT NULL AUTO_INCREMENT,
  `name` varchar(255) COLLATE utf8mb4_unicode_ci NOT NULL,
  `deleted_at` timestamp NULL DEFAULT NULL,
  `created_at` timestamp NULL DEFAULT NULL,
  `updated_at` timestamp NULL DEFAULT NULL,
  PRIMARY KEY (`id`)
) ENGINE=InnoDB AUTO_INCREMENT=16 DEFAULT CHARSET=utf8mb4 COLLATE=utf8mb4_unicode_ci;
/*!40101 SET character_set_client = @saved_cs_client */;

--
-- Dumping data for table `big_categories`
--

LOCK TABLES `big_categories` WRITE;
/*!40000 ALTER TABLE `big_categories` DISABLE KEYS */;
INSERT INTO `big_categories` VALUES (1,'テント・タープ',NULL,'2019-03-08 11:24:51','2019-03-08 11:24:51'),(2,'ファニチャー',NULL,'2019-03-08 11:24:51','2019-03-08 11:24:51'),(3,'寝具',NULL,'2019-03-08 11:24:51','2019-03-08 11:24:51'),(4,'ランタン・ライト',NULL,'2019-03-08 11:24:51','2019-03-08 11:24:51'),(5,'ストーブ・コンロ',NULL,'2019-03-08 11:24:51','2019-03-08 11:24:51'),(6,'燃料',NULL,'2019-03-08 11:24:51','2019-03-08 11:24:51'),(7,'調理器具・食事用具',NULL,'2019-03-08 11:24:51','2019-03-08 11:24:51'),(8,'マルチツール・ナイフ',NULL,'2019-03-08 11:24:51','2019-03-08 11:24:51'),(9,'フィールドギア',NULL,'2019-03-08 11:24:51','2019-03-08 11:24:51'),(10,'バッグ',NULL,'2019-03-08 11:24:51','2019-03-08 11:24:51'),(11,'アウトドアウェア',NULL,'2019-03-08 11:24:51','2019-03-08 11:24:51'),(12,'フットウェア',NULL,'2019-03-08 11:24:51','2019-03-08 11:24:51'),(13,'ペット',NULL,'2019-03-08 11:24:51','2019-03-08 11:24:51'),(14,'アクティビティ',NULL,'2019-03-08 11:24:51','2019-03-08 11:24:51'),(15,'その他アウトドアギア',NULL,'2019-03-08 11:24:51','2019-03-08 11:24:51');
/*!40000 ALTER TABLE `big_categories` ENABLE KEYS */;
UNLOCK TABLES;

--
-- Table structure for table `brand_groups`
--

DROP TABLE IF EXISTS `brand_groups`;
/*!40101 SET @saved_cs_client     = @@character_set_client */;
/*!40101 SET character_set_client = utf8 */;
CREATE TABLE `brand_groups` (
  `id` int(10) unsigned NOT NULL AUTO_INCREMENT,
  `name` varchar(255) COLLATE utf8mb4_unicode_ci NOT NULL,
  `deleted_at` timestamp NULL DEFAULT NULL,
  `created_at` timestamp NULL DEFAULT NULL,
  `updated_at` timestamp NULL DEFAULT NULL,
  PRIMARY KEY (`id`)
) ENGINE=InnoDB AUTO_INCREMENT=28 DEFAULT CHARSET=utf8mb4 COLLATE=utf8mb4_unicode_ci;
/*!40101 SET character_set_client = @saved_cs_client */;

--
-- Dumping data for table `brand_groups`
--

LOCK TABLES `brand_groups` WRITE;
/*!40000 ALTER TABLE `brand_groups` DISABLE KEYS */;
INSERT INTO `brand_groups` VALUES (1,'A',NULL,'2019-03-08 11:27:11','2019-03-08 11:27:11'),(2,'B',NULL,'2019-03-08 11:27:11','2019-03-08 11:27:11'),(3,'C',NULL,'2019-03-08 11:27:11','2019-03-08 11:27:11'),(4,'D',NULL,'2019-03-08 11:27:11','2019-03-08 11:27:11'),(5,'E',NULL,'2019-03-08 11:27:11','2019-03-08 11:27:11'),(6,'F',NULL,'2019-03-08 11:27:11','2019-03-08 11:27:11'),(7,'G',NULL,'2019-03-08 11:27:11','2019-03-08 11:27:11'),(8,'H',NULL,'2019-03-08 11:27:11','2019-03-08 11:27:11'),(9,'I',NULL,'2019-03-08 11:27:11','2019-03-08 11:27:11'),(10,'J',NULL,'2019-03-08 11:27:11','2019-03-08 11:27:11'),(11,'K',NULL,'2019-03-08 11:27:11','2019-03-08 11:27:11'),(12,'L',NULL,'2019-03-08 11:27:11','2019-03-08 11:27:11'),(13,'M',NULL,'2019-03-08 11:27:11','2019-03-08 11:27:11'),(14,'N',NULL,'2019-03-08 11:27:11','2019-03-08 11:27:11'),(15,'O',NULL,'2019-03-08 11:27:11','2019-03-08 11:27:11'),(16,'P',NULL,'2019-03-08 11:27:11','2019-03-08 11:27:11'),(17,'Q',NULL,'2019-03-08 11:27:11','2019-03-08 11:27:11'),(18,'R',NULL,'2019-03-08 11:27:11','2019-03-08 11:27:11'),(19,'S',NULL,'2019-03-08 11:27:11','2019-03-08 11:27:11'),(20,'T',NULL,'2019-03-08 11:27:11','2019-03-08 11:27:11'),(21,'U',NULL,'2019-03-08 11:27:11','2019-03-08 11:27:11'),(22,'V',NULL,'2019-03-08 11:27:11','2019-03-08 11:27:11'),(23,'W',NULL,'2019-03-08 11:27:11','2019-03-08 11:27:11'),(24,'X',NULL,'2019-03-08 11:27:11','2019-03-08 11:27:11'),(25,'Y',NULL,'2019-03-08 11:27:11','2019-03-08 11:27:11'),(26,'Z',NULL,'2019-03-08 11:27:11','2019-03-08 11:27:11'),(27,'Other',NULL,'2019-03-08 11:27:11','2019-03-08 11:27:11');
/*!40000 ALTER TABLE `brand_groups` ENABLE KEYS */;
UNLOCK TABLES;

--
-- Table structure for table `brands`
--

DROP TABLE IF EXISTS `brands`;
/*!40101 SET @saved_cs_client     = @@character_set_client */;
/*!40101 SET character_set_client = utf8 */;
CREATE TABLE `brands` (
  `id` int(10) unsigned NOT NULL AUTO_INCREMENT,
  `brand_group_id` varchar(255) COLLATE utf8mb4_unicode_ci NOT NULL,
  `name` varchar(255) COLLATE utf8mb4_unicode_ci NOT NULL,
  `name_katakana` varchar(255) COLLATE utf8mb4_unicode_ci NOT NULL,
  `deleted_at` timestamp NULL DEFAULT NULL,
  `created_at` timestamp NULL DEFAULT NULL,
  `updated_at` timestamp NULL DEFAULT NULL,
  PRIMARY KEY (`id`)
) ENGINE=InnoDB AUTO_INCREMENT=576 DEFAULT CHARSET=utf8mb4 COLLATE=utf8mb4_unicode_ci;
/*!40101 SET character_set_client = @saved_cs_client */;

--
-- Dumping data for table `brands`
--

LOCK TABLES `brands` WRITE;
/*!40000 ALTER TABLE `brands` DISABLE KEYS */;
INSERT INTO `brands` VALUES (1,'1','A Vontade','アボンタージ',NULL,'2019-03-08 11:27:34','2019-03-08 11:27:34'),(2,'1','A＆F','エイアンドエフ',NULL,'2019-03-08 11:27:34','2019-03-08 11:27:34'),(3,'1','adidas','アディダス',NULL,'2019-03-08 11:27:34','2019-03-08 11:27:34'),(4,'1','ADIRONDACK','アディロンダック',NULL,'2019-03-08 11:27:34','2019-03-08 11:27:34'),(5,'1','aladdin','アラジン',NULL,'2019-03-08 11:27:34','2019-03-08 11:27:34'),(6,'1','AIGLE','エーグル',NULL,'2019-03-08 11:27:34','2019-03-08 11:27:34'),(7,'1','AIRMONTE','エアモンテ',NULL,'2019-03-08 11:27:34','2019-03-08 11:27:34'),(8,'1','ALDIES','アールディーズ',NULL,'2019-03-08 11:27:34','2019-03-08 11:27:34'),(9,'1','ALITE','エーライト',NULL,'2019-03-08 11:27:35','2019-03-08 11:27:35'),(10,'1','Amok Equipment','アモックイクイップメント',NULL,'2019-03-08 11:27:35','2019-03-08 11:27:35'),(11,'1','and wander','アンドワンダー',NULL,'2019-03-08 11:27:35','2019-03-08 11:27:35'),(12,'1','ANEVAY','アネヴェイ',NULL,'2019-03-08 11:27:35','2019-03-08 11:27:35'),(13,'1','ANONYM CRAFTSMAN DESIGN','アノニムクラフツマンデザイン',NULL,'2019-03-08 11:27:35','2019-03-08 11:27:35'),(14,'1','antigravitygear','アンチグラビティギア',NULL,'2019-03-08 11:27:35','2019-03-08 11:27:35'),(15,'1','ARC’TERYX','アークテリクス',NULL,'2019-03-08 11:27:35','2019-03-08 11:27:35'),(16,'1','asimocrafts','アシモクラフツ',NULL,'2019-03-08 11:27:35','2019-03-08 11:27:35'),(17,'1','asobito','アソビト',NULL,'2019-03-08 11:27:35','2019-03-08 11:27:35'),(18,'1','atelierBluebottle','アトリエブルーボトル',NULL,'2019-03-08 11:27:35','2019-03-08 11:27:35'),(19,'1','ARAI TENT','アライテント',NULL,'2019-03-08 11:27:35','2019-03-08 11:27:35'),(20,'1','AO Coolers','エーオークーラーズ',NULL,'2019-03-08 11:27:35','2019-03-08 11:27:35'),(21,'1','AS2OV','アッソブ',NULL,'2019-03-08 11:27:35','2019-03-08 11:27:35'),(22,'1','Alexander Lee Chang','アレキサンダーリーチャン',NULL,'2019-03-08 11:27:35','2019-03-08 11:27:35'),(23,'1','Asolo','アゾロ',NULL,'2019-03-08 11:27:35','2019-03-08 11:27:35'),(24,'1','ATSuBOuGu','アツボウグ',NULL,'2019-03-08 11:27:35','2019-03-08 11:27:35'),(25,'1','AXESQUIN','アクシーズクイン',NULL,'2019-03-08 11:27:35','2019-03-08 11:27:35'),(26,'1','Ay-Kasa','エーワイカーサ',NULL,'2019-03-08 11:27:35','2019-03-08 11:27:35'),(27,'1','Altadena Works','アルタデナワークス',NULL,'2019-03-08 11:27:35','2019-03-08 11:27:35'),(28,'1','ANYWHERE CHAIR','エニウェアチェア',NULL,'2019-03-08 11:27:35','2019-03-08 11:27:35'),(29,'1','Atwood Rope MFG','アトウッド・ロープ',NULL,'2019-03-08 11:27:35','2019-03-08 11:27:35'),(30,'1','Allstime','オールスタイム',NULL,'2019-03-08 11:27:35','2019-03-08 11:27:35'),(31,'2','Back Channel','バックチャンネル',NULL,'2019-03-08 11:27:35','2019-03-08 11:27:35'),(32,'2','BALLISTICS','バリスティクス',NULL,'2019-03-08 11:27:35','2019-03-08 11:27:35'),(33,'2','BAREBONES','ベアボーンズ',NULL,'2019-03-08 11:27:35','2019-03-08 11:27:35'),(34,'2','BARIGO','バリゴ',NULL,'2019-03-08 11:27:35','2019-03-08 11:27:35'),(35,'2','BELLWOODMADE','ベルウッドメイド',NULL,'2019-03-08 11:27:35','2019-03-08 11:27:35'),(36,'2','BIG AGNES','ビッグアグネス',NULL,'2019-03-08 11:27:35','2019-03-08 11:27:35'),(37,'2','BioLite','バイオライト',NULL,'2019-03-08 11:27:35','2019-03-08 11:27:35'),(38,'2','BlueRidgeChairWorks','ブルーリッジチェアワークス',NULL,'2019-03-08 11:27:35','2019-03-08 11:27:35'),(39,'2','BORED','ボアード',NULL,'2019-03-08 11:27:35','2019-03-08 11:27:35'),(40,'2','Brooks Range','ブルックスレンジ',NULL,'2019-03-08 11:27:35','2019-03-08 11:27:35'),(41,'2','BrownBrown','ブラウンブラウン',NULL,'2019-03-08 11:27:35','2019-03-08 11:27:35'),(42,'2','BULLET','バレット',NULL,'2019-03-08 11:27:35','2019-03-08 11:27:35'),(43,'2','BUNDOK','バンドック',NULL,'2019-03-08 11:27:35','2019-03-08 11:27:35'),(44,'2','BURTON','バートン',NULL,'2019-03-08 11:27:35','2019-03-08 11:27:35'),(45,'2','BYER of Maine','バイヤー オブ メイン',NULL,'2019-03-08 11:27:35','2019-03-08 11:27:35'),(46,'2','Blue Ridge Chair Works','ブルーリッジ チェア ワークス',NULL,'2019-03-08 11:27:35','2019-03-08 11:27:35'),(47,'2','bern','バーン',NULL,'2019-03-08 11:27:35','2019-03-08 11:27:35'),(48,'2','BlackDiamond','ブラックダイヤモンド',NULL,'2019-03-08 11:27:35','2019-03-08 11:27:35'),(49,'2','BIRKENSTOCK','ビルケンシュトック',NULL,'2019-03-08 11:27:35','2019-03-08 11:27:35'),(50,'2','berghaus','バーグハウス',NULL,'2019-03-08 11:27:35','2019-03-08 11:27:35'),(51,'2','BACK TO LIFE','バックトゥライフ',NULL,'2019-03-08 11:27:35','2019-03-08 11:27:35'),(52,'2','BACH','バッハ',NULL,'2019-03-08 11:27:35','2019-03-08 11:27:35'),(53,'2','Barbour','バブアー',NULL,'2019-03-08 11:27:35','2019-03-08 11:27:35'),(54,'2','Bawloo','バウルー',NULL,'2019-03-08 11:27:35','2019-03-08 11:27:35'),(55,'2','Bialetti','ビアレッティ',NULL,'2019-03-08 11:27:35','2019-03-08 11:27:35'),(56,'2','BILLABONG','ビラボン',NULL,'2019-03-08 11:27:35','2019-03-08 11:27:35'),(57,'2','BIMO','ビモ',NULL,'2019-03-08 11:27:35','2019-03-08 11:27:35'),(58,'2','BLUE BLUE','ブルーブルー',NULL,'2019-03-08 11:27:35','2019-03-08 11:27:35'),(59,'2','Blundstone','ブランドストーン',NULL,'2019-03-08 11:27:35','2019-03-08 11:27:35'),(60,'2','boreas','ボレアス',NULL,'2019-03-08 11:27:35','2019-03-08 11:27:35'),(61,'2','BRIEFING','ブリーフィング',NULL,'2019-03-08 11:27:35','2019-03-08 11:27:35'),(62,'2','BROOKS ENGLAND','ブルックス イングランド',NULL,'2019-03-08 11:27:35','2019-03-08 11:27:35'),(63,'2','BUCK KNIVES','バックナイフ',NULL,'2019-03-08 11:27:35','2019-03-08 11:27:35'),(64,'2','Burro Brand','バローブランド',NULL,'2019-03-08 11:27:35','2019-03-08 11:27:35'),(65,'3','C&C.P.H.EQUIPEMENT','シー アンド シー ピー エイチ イクイップメント',NULL,'2019-03-08 11:27:35','2019-03-08 11:27:35'),(66,'3','California Patio','カリフォルニアパティオ',NULL,'2019-03-08 11:27:35','2019-03-08 11:27:35'),(67,'3','Camerons Products','キャメロンズ',NULL,'2019-03-08 11:27:35','2019-03-08 11:27:35'),(68,'3','CAMP MANIA products','キャンプマニアプロダクツ',NULL,'2019-03-08 11:27:35','2019-03-08 11:27:35'),(69,'3','CANDY DESIGN&WORKS','キャンディ デザイン アンド ワークス',NULL,'2019-03-08 11:27:35','2019-03-08 11:27:35'),(70,'3','CAPTAIN STAG','キャプテンスタッグ',NULL,'2019-03-08 11:27:35','2019-03-08 11:27:35'),(71,'3','Chinook TECHICAL OUTDOOR','チヌークテクニカルアウトドア',NULL,'2019-03-08 11:27:35','2019-03-08 11:27:35'),(72,'3','CHUMS','チャムス',NULL,'2019-03-08 11:27:35','2019-03-08 11:27:35'),(73,'3','Ciel Bleu','シエルブルー',NULL,'2019-03-08 11:27:35','2019-03-08 11:27:35'),(74,'3','City to Summit','シティトゥサミット',NULL,'2019-03-08 11:27:35','2019-03-08 11:27:35'),(75,'3','CLIF','クリフ',NULL,'2019-03-08 11:27:35','2019-03-08 11:27:35'),(76,'3','Cocoon','コクーン',NULL,'2019-03-08 11:27:35','2019-03-08 11:27:35'),(77,'3','COGHLAN\'S','コフラン',NULL,'2019-03-08 11:27:35','2019-03-08 11:27:35'),(78,'3','Coleman','コールマン',NULL,'2019-03-08 11:27:35','2019-03-08 11:27:35'),(79,'3','Coleman x Monro Indigo Label','コールマン モンロ インディゴレーベル',NULL,'2019-03-08 11:27:35','2019-03-08 11:27:35'),(80,'3','Columbia','コロンビア',NULL,'2019-03-08 11:27:35','2019-03-08 11:27:35'),(81,'3','Crazy Creek','クレイジークリーク',NULL,'2019-03-08 11:27:35','2019-03-08 11:27:35'),(82,'3','CUCUCHI','ククチ',NULL,'2019-03-08 11:27:35','2019-03-08 11:27:35'),(83,'3','caravan','キャラバン',NULL,'2019-03-08 11:27:35','2019-03-08 11:27:35'),(84,'3','CW-X','シーダブリュエックス',NULL,'2019-03-08 11:27:35','2019-03-08 11:27:35'),(85,'3','Chaco','チャコ',NULL,'2019-03-08 11:27:35','2019-03-08 11:27:35'),(86,'3','CABIN ZERO','キャビンゼロ',NULL,'2019-03-08 11:27:35','2019-03-08 11:27:35'),(87,'3','Camp Maid','キャンプメイド',NULL,'2019-03-08 11:27:35','2019-03-08 11:27:35'),(88,'3','CANADA GOOSE','カナダグース',NULL,'2019-03-08 11:27:35','2019-03-08 11:27:35'),(89,'3','Carhartt WIP','カーハート ワークインプログレス',NULL,'2019-03-08 11:27:35','2019-03-08 11:27:35'),(90,'3','CASIO','カシオ',NULL,'2019-03-08 11:27:35','2019-03-08 11:27:35'),(91,'3','Castelmerlino','カステルメルリーノ',NULL,'2019-03-08 11:27:35','2019-03-08 11:27:35'),(92,'3','CCP','シーシーピー',NULL,'2019-03-08 11:27:35','2019-03-08 11:27:35'),(93,'3','Champion','チャンピオン',NULL,'2019-03-08 11:27:35','2019-03-08 11:27:35'),(94,'3','CHARI&CO','チャリアンドコー',NULL,'2019-03-08 11:27:35','2019-03-08 11:27:35'),(95,'3','CHEMEX','ケメックス',NULL,'2019-03-08 11:27:35','2019-03-08 11:27:35'),(96,'3','Comfy Outdoor Garment','コンフィアウトドアガーメント',NULL,'2019-03-08 11:27:35','2019-03-08 11:27:35'),(97,'3','croster dragon','クロスタードラゴン',NULL,'2019-03-08 11:27:35','2019-03-08 11:27:35'),(98,'3','CORONA','コロナ',NULL,'2019-03-08 11:27:35','2019-03-08 11:27:35'),(99,'4','D.O.D','ドッペルギャンガーアウトドア',NULL,'2019-03-08 11:27:35','2019-03-08 11:27:35'),(100,'4','DAC','ダック',NULL,'2019-03-08 11:27:35','2019-03-08 11:27:35'),(101,'4','DAIS','ダイス',NULL,'2019-03-08 11:27:35','2019-03-08 11:27:35'),(102,'4','DAIWA','ダイワ',NULL,'2019-03-08 11:27:35','2019-03-08 11:27:35'),(103,'4','Dana Design','ダナデザイン',NULL,'2019-03-08 11:27:35','2019-03-08 11:27:35'),(104,'4','DD Hammocks','ディーディー ハンモックス',NULL,'2019-03-08 11:27:35','2019-03-08 11:27:35'),(105,'4','DECEMBER','ディセンバー',NULL,'2019-03-08 11:27:35','2019-03-08 11:27:35'),(106,'4','DETAIL inc','ディテール',NULL,'2019-03-08 11:27:35','2019-03-08 11:27:35'),(107,'4','deuter','ドイター',NULL,'2019-03-08 11:27:35','2019-03-08 11:27:35'),(108,'4','Direct Designs','ダイレクトデザイン',NULL,'2019-03-08 11:27:35','2019-03-08 11:27:35'),(109,'4','Drifter','ドリフター',NULL,'2019-03-08 11:27:35','2019-03-08 11:27:35'),(110,'4','DUCKSDAY','ダックスデイ',NULL,'2019-03-08 11:27:35','2019-03-08 11:27:35'),(111,'4','DUG','ダグ',NULL,'2019-03-08 11:27:35','2019-03-08 11:27:35'),(112,'4','DUNLOP','ダンロップ',NULL,'2019-03-08 11:27:35','2019-03-08 11:27:35'),(113,'4','Danner','ダナー',NULL,'2019-03-08 11:27:35','2019-03-08 11:27:35'),(114,'4','DINEX','ダイネックス',NULL,'2019-03-08 11:27:35','2019-03-08 11:27:35'),(115,'4','DAKINE','ダカイン',NULL,'2019-03-08 11:27:35','2019-03-08 11:27:35'),(116,'4','DARN TOUGH VERMONT','ダーンタフバーモント',NULL,'2019-03-08 11:27:35','2019-03-08 11:27:35'),(117,'4','DATUM','デイタム',NULL,'2019-03-08 11:27:35','2019-03-08 11:27:35'),(118,'4','DESCENTE','デサント',NULL,'2019-03-08 11:27:35','2019-03-08 11:27:35'),(119,'4','DIETZ','デイツ',NULL,'2019-03-08 11:27:35','2019-03-08 11:27:35'),(120,'4','directalpine','ダイレクトアルパイン',NULL,'2019-03-08 11:27:35','2019-03-08 11:27:35'),(121,'4','DOLDY','ドルディ',NULL,'2019-03-08 11:27:35','2019-03-08 11:27:35'),(122,'4','douchebag','ドゥーシュバッグ',NULL,'2019-03-08 11:27:35','2019-03-08 11:27:35'),(123,'4','DOWN ON THE CORNER','ダウンオンザコーナー',NULL,'2019-03-08 11:27:35','2019-03-08 11:27:35'),(124,'4','Dr.Martens','ドクターマーチン',NULL,'2019-03-08 11:27:35','2019-03-08 11:27:35'),(125,'4','DULTON','ダルトン',NULL,'2019-03-08 11:27:35','2019-03-08 11:27:35'),(126,'4','devadurga','デヴァドゥルガ',NULL,'2019-03-08 11:27:35','2019-03-08 11:27:35'),(127,'4','DERON','デロン',NULL,'2019-03-08 11:27:35','2019-03-08 11:27:35'),(128,'5','EagleCreek','イーグルクリーク',NULL,'2019-03-08 11:27:35','2019-03-08 11:27:35'),(129,'5','EDELWEISS','エーデルワイス',NULL,'2019-03-08 11:27:35','2019-03-08 11:27:35'),(130,'5','eno','イノー',NULL,'2019-03-08 11:27:35','2019-03-08 11:27:35'),(131,'5','EPIgas','イーピーアイガス',NULL,'2019-03-08 11:27:35','2019-03-08 11:27:35'),(132,'5','ERGOLIFE','エルゴライフ',NULL,'2019-03-08 11:27:35','2019-03-08 11:27:35'),(133,'5','Esbit','エスビット',NULL,'2019-03-08 11:27:35','2019-03-08 11:27:35'),(134,'5','EVERNEW','エバニュー',NULL,'2019-03-08 11:27:35','2019-03-08 11:27:35'),(135,'5','EXOTAC','エグソタック',NULL,'2019-03-08 11:27:35','2019-03-08 11:27:35'),(136,'5','Eddie Bauer','エディー・バウアー',NULL,'2019-03-08 11:27:35','2019-03-08 11:27:35'),(137,'5','EXPED','エクスペド',NULL,'2019-03-08 11:27:35','2019-03-08 11:27:35'),(138,'5','EcoSouLife','エコソウライフ',NULL,'2019-03-08 11:27:35','2019-03-08 11:27:35'),(139,'5','E-Case','イーケース',NULL,'2019-03-08 11:27:35','2019-03-08 11:27:35'),(140,'5','Eaglecreek','イーグルクリーク',NULL,'2019-03-08 11:27:35','2019-03-08 11:27:35'),(141,'5','EASTPAK','イーストパック',NULL,'2019-03-08 11:27:35','2019-03-08 11:27:35'),(142,'5','ELEMENT','エレメント',NULL,'2019-03-08 11:27:35','2019-03-08 11:27:35'),(143,'5','EVOLG','エヴォログ',NULL,'2019-03-08 11:27:35','2019-03-08 11:27:35'),(144,'5','ETHNOTEK','エスノテック',NULL,'2019-03-08 11:27:35','2019-03-08 11:27:35'),(145,'5','EuroSCHIRM','ユーロシルム',NULL,'2019-03-08 11:27:35','2019-03-08 11:27:35'),(146,'6','FENIX','フェニックス',NULL,'2019-03-08 11:27:35','2019-03-08 11:27:35'),(147,'6','finetrack','ファイントラック',NULL,'2019-03-08 11:27:35','2019-03-08 11:27:35'),(148,'6','FIREBOX','ファイヤーボックス',NULL,'2019-03-08 11:27:35','2019-03-08 11:27:35'),(149,'6','FIZAN','フィザン',NULL,'2019-03-08 11:27:35','2019-03-08 11:27:35'),(150,'6','FJALL RAVEN','フェールラーベン',NULL,'2019-03-08 11:27:35','2019-03-08 11:27:35'),(151,'6','Free Soldier','フリーソルジャー',NULL,'2019-03-08 11:27:35','2019-03-08 11:27:35'),(152,'6','FREELIGHT','フリーライト',NULL,'2019-03-08 11:27:35','2019-03-08 11:27:35'),(153,'6','フジカ','フジカ',NULL,'2019-03-08 11:27:35','2019-03-08 11:27:35'),(154,'6','Foxfire','フォックスファイヤー',NULL,'2019-03-08 11:27:35','2019-03-08 11:27:35'),(155,'6','FREDRIK PACKERS','フレドリックパッカーズ',NULL,'2019-03-08 11:27:35','2019-03-08 11:27:35'),(156,'6','FIELDCANDY','フィールドキャンディ',NULL,'2019-03-08 11:27:35','2019-03-08 11:27:35'),(157,'6','FEATHERED FRIENDS','フェザードフレンズ',NULL,'2019-03-08 11:27:35','2019-03-08 11:27:35'),(158,'6','FILSON','フィルソン',NULL,'2019-03-08 11:27:35','2019-03-08 11:27:35'),(159,'6','F/CE.','エフシーイー',NULL,'2019-03-08 11:27:35','2019-03-08 11:27:35'),(160,'6','Ficouture','フィクチュール',NULL,'2019-03-08 11:27:35','2019-03-08 11:27:35'),(161,'6','FEUERHAND','フェアーハンド',NULL,'2019-03-08 11:27:35','2019-03-08 11:27:35'),(162,'6','Feathercraft','フェザークラフト',NULL,'2019-03-08 11:27:35','2019-03-08 11:27:35'),(163,'6','fridge','フリッジ',NULL,'2019-03-08 11:27:35','2019-03-08 11:27:35'),(164,'6','FIBI-STOVE','フィビストーブ',NULL,'2019-03-08 11:27:35','2019-03-08 11:27:35'),(165,'7','G・SAKAI','ジー・サカイ',NULL,'2019-03-08 11:27:35','2019-03-08 11:27:35'),(166,'7','gearholic','ギアホリック',NULL,'2019-03-08 11:27:35','2019-03-08 11:27:35'),(167,'7','GENTOS','ジェントス',NULL,'2019-03-08 11:27:35','2019-03-08 11:27:35'),(168,'7','GERBER','ガーバー',NULL,'2019-03-08 11:27:35','2019-03-08 11:27:35'),(169,'7','GO-KOT','ゴーコット',NULL,'2019-03-08 11:27:35','2019-03-08 11:27:35'),(170,'7','GOAL ZERO','ゴールゼロ',NULL,'2019-03-08 11:27:35','2019-03-08 11:27:35'),(171,'7','Going Furniture','ゴーイングファニチャー',NULL,'2019-03-08 11:27:35','2019-03-08 11:27:35'),(172,'7','GOLITE','ゴーライト',NULL,'2019-03-08 11:27:35','2019-03-08 11:27:35'),(173,'7','GoStak','ゴースタック',NULL,'2019-03-08 11:27:35','2019-03-08 11:27:35'),(174,'7','Grand Canyon','グランドキャニオン',NULL,'2019-03-08 11:27:35','2019-03-08 11:27:35'),(175,'7','Granger\'s','グランジャーズ',NULL,'2019-03-08 11:27:35','2019-03-08 11:27:35'),(176,'7','GRANITE GEAR','グラナイトギア',NULL,'2019-03-08 11:27:35','2019-03-08 11:27:35'),(177,'7','GREGORY','グレゴリー',NULL,'2019-03-08 11:27:35','2019-03-08 11:27:35'),(178,'7','GRIP SWANY','グリップスワニー',NULL,'2019-03-08 11:27:35','2019-03-08 11:27:35'),(179,'7','GSI','ジーエスアイ',NULL,'2019-03-08 11:27:35','2019-03-08 11:27:35'),(180,'7','G-STOVE','ジーストーブ',NULL,'2019-03-08 11:27:35','2019-03-08 11:27:35'),(181,'7','GRAMICCI','グラミチ',NULL,'2019-03-08 11:27:35','2019-03-08 11:27:35'),(182,'7','gym master','ジムマスター',NULL,'2019-03-08 11:27:35','2019-03-08 11:27:35'),(183,'7','go slow caravan','ゴースローキャラバン',NULL,'2019-03-08 11:27:35','2019-03-08 11:27:35'),(184,'7','Grangers','グランジャーズ',NULL,'2019-03-08 11:27:35','2019-03-08 11:27:35'),(185,'7','Growers Cup','グロワーズカップ',NULL,'2019-03-08 11:27:35','2019-03-08 11:27:35'),(186,'7','Grandking','グランドキング',NULL,'2019-03-08 11:27:35','2019-03-08 11:27:35'),(187,'7','GoPro','ゴープロ',NULL,'2019-03-08 11:27:35','2019-03-08 11:27:35'),(188,'7','GRABBER','グラバー',NULL,'2019-03-08 11:27:35','2019-03-08 11:27:35'),(189,'7','Goodwear','グッドウェア',NULL,'2019-03-08 11:27:35','2019-03-08 11:27:35'),(190,'7','gravis','グラビス',NULL,'2019-03-08 11:27:35','2019-03-08 11:27:35'),(191,'7','GERRY','ジェリー',NULL,'2019-03-08 11:27:35','2019-03-08 11:27:35'),(192,'7','GOHEMP','ゴーヘンプ',NULL,'2019-03-08 11:27:35','2019-03-08 11:27:35'),(193,'7','GREAT COSSY MOUNTAIN','グレートコッシーマウンテン',NULL,'2019-03-08 11:27:35','2019-03-08 11:27:35'),(194,'7','grn outdoor','ジーアルエヌアウトドア',NULL,'2019-03-08 11:27:35','2019-03-08 11:27:35'),(195,'8','HALF TRACK PRODUCTS','ハーフトラックプロダクツ',NULL,'2019-03-08 11:27:35','2019-03-08 11:27:35'),(196,'8','HEIMPLANET','ヘイムプラネット',NULL,'2019-03-08 11:27:35','2019-03-08 11:27:35'),(197,'8','Helinox','ヘリノックス',NULL,'2019-03-08 11:27:35','2019-03-08 11:27:35'),(198,'8','HELLE','ヘレ',NULL,'2019-03-08 11:27:35','2019-03-08 11:27:35'),(199,'8','HELLY HANSEN','ヘリーハンセン',NULL,'2019-03-08 11:27:35','2019-03-08 11:27:35'),(200,'8','Hennessy Hammock','ヘネシーハンモック',NULL,'2019-03-08 11:27:35','2019-03-08 11:27:35'),(201,'8','Highmount','ハイマウント',NULL,'2019-03-08 11:27:35','2019-03-08 11:27:35'),(202,'8','Hilander','ハイランダー',NULL,'2019-03-08 11:27:35','2019-03-08 11:27:35'),(203,'8','HILLEBERG','ヒルバーグ',NULL,'2019-03-08 11:27:35','2019-03-08 11:27:35'),(204,'8','HITOHARI','ヒトハリ',NULL,'2019-03-08 11:27:35','2019-03-08 11:27:35'),(205,'8','HolidayRoad','ホリデーロード',NULL,'2019-03-08 11:27:35','2019-03-08 11:27:35'),(206,'8','Hummingbird Hammocks','ハミングバードハンモック',NULL,'2019-03-08 11:27:35','2019-03-08 11:27:35'),(207,'8','Houdini','フーディニ',NULL,'2019-03-08 11:27:35','2019-03-08 11:27:35'),(208,'8','HAGLÖFS','ホグロフス',NULL,'2019-03-08 11:27:35','2019-03-08 11:27:35'),(209,'8','Herschel Supply Co.','ハーシェルサプライ',NULL,'2019-03-08 11:27:35','2019-03-08 11:27:35'),(210,'8','HAOMING','ハオミン',NULL,'2019-03-08 11:27:35','2019-03-08 11:27:35'),(211,'8','HARIYAMA Productions','ハリヤマプロダクションズ',NULL,'2019-03-08 11:27:35','2019-03-08 11:27:35'),(212,'8','Hyperlite Mountain Gear','ハイパーライトマウンテンギア',NULL,'2019-03-08 11:27:35','2019-03-08 11:27:35'),(213,'8','HUNTER','ハンター',NULL,'2019-03-08 11:27:35','2019-03-08 11:27:35'),(214,'8','HOHER BERG','ホッハーベルグ',NULL,'2019-03-08 11:27:35','2019-03-08 11:27:35'),(215,'8','HESTRA','ヘストラ',NULL,'2019-03-08 11:27:35','2019-03-08 11:27:35'),(216,'8','HALA','ハラ',NULL,'2019-03-08 11:27:35','2019-03-08 11:27:35'),(217,'8','hobo','ホーボー',NULL,'2019-03-08 11:27:35','2019-03-08 11:27:35'),(218,'8','Hang Out','ハングアウト',NULL,'2019-03-08 11:27:35','2019-03-08 11:27:35'),(219,'8','HAYES TOOLING＆PLASTICS','ヘイズ ツーリング アンド プラスチック',NULL,'2019-03-08 11:27:35','2019-03-08 11:27:35'),(220,'9','i-Rbase products','アイアールベースプロダクト',NULL,'2019-03-08 11:27:35','2019-03-08 11:27:35'),(221,'9','ICEMULE','アイスミュール',NULL,'2019-03-08 11:27:35','2019-03-08 11:27:35'),(222,'9','Igloo','イグルー',NULL,'2019-03-08 11:27:35','2019-03-08 11:27:35'),(223,'9','In the Breeze','イン ザ ブリーズ',NULL,'2019-03-08 11:27:35','2019-03-08 11:27:35'),(224,'9','ISBJORN','イスビョン',NULL,'2019-03-08 11:27:35','2019-03-08 11:27:35'),(225,'9','ISUKA','イスカ',NULL,'2019-03-08 11:27:35','2019-03-08 11:27:35'),(226,'9','Iwatani','イワタニ',NULL,'2019-03-08 11:27:35','2019-03-08 11:27:35'),(227,'9','196','イチキュウロク',NULL,'2019-03-08 11:27:35','2019-03-08 11:27:35'),(228,'9','IRON CRAFT','アイアンクラフト',NULL,'2019-03-08 11:27:35','2019-03-08 11:27:35'),(229,'9','INOUT','インアウト',NULL,'2019-03-08 11:27:35','2019-03-08 11:27:35'),(230,'9','icebreaker','アイスブレーカー',NULL,'2019-03-08 11:27:35','2019-03-08 11:27:35'),(231,'9','ibex','アイベックス',NULL,'2019-03-08 11:27:35','2019-03-08 11:27:35'),(232,'9','Incase','インケース',NULL,'2019-03-08 11:27:35','2019-03-08 11:27:35'),(233,'9','ISLAND SLIPPER','アイランドスリッパ',NULL,'2019-03-08 11:27:35','2019-03-08 11:27:35'),(234,'9','inhabitant','インハビタント',NULL,'2019-03-08 11:27:35','2019-03-08 11:27:35'),(235,'9','IKEA','イケア',NULL,'2019-03-08 11:27:35','2019-03-08 11:27:35'),(236,'10','JETBOIL','ジェットボイル',NULL,'2019-03-08 11:27:35','2019-03-08 11:27:35'),(237,'10','Jack Wolfskin','ジャックウルフスキン',NULL,'2019-03-08 11:27:35','2019-03-08 11:27:35'),(238,'10','JANSPORT','ジャンスポーツ',NULL,'2019-03-08 11:27:35','2019-03-08 11:27:35'),(239,'10','JUSTRITE','ジャストライト',NULL,'2019-03-08 11:27:35','2019-03-08 11:27:35'),(240,'10','JACKSON MATISSE','ジャクソンマティス',NULL,'2019-03-08 11:27:35','2019-03-08 11:27:35'),(241,'11','KAMMOK','カンモック',NULL,'2019-03-08 11:27:35','2019-03-08 11:27:35'),(242,'11','karrimor','カリマー',NULL,'2019-03-08 11:27:35','2019-03-08 11:27:35'),(243,'11','KATADYN','カタダイン',NULL,'2019-03-08 11:27:35','2019-03-08 11:27:35'),(244,'11','KAVU','カブー',NULL,'2019-03-08 11:27:35','2019-03-08 11:27:35'),(245,'11','KEEN','キーン',NULL,'2019-03-08 11:27:35','2019-03-08 11:27:35'),(246,'11','Kelly Kettle','ケリーケトル',NULL,'2019-03-08 11:27:35','2019-03-08 11:27:35'),(247,'11','KELTY','ケルティ',NULL,'2019-03-08 11:27:35','2019-03-08 11:27:35'),(248,'11','klean kanteen','クリーンカンティーン',NULL,'2019-03-08 11:27:35','2019-03-08 11:27:35'),(249,'11','KLETTERWERKS','クレッターワークス',NULL,'2019-03-08 11:27:35','2019-03-08 11:27:35'),(250,'11','KLYMIT','クライミット',NULL,'2019-03-08 11:27:35','2019-03-08 11:27:35'),(251,'11','KUPILKA','クピルカ',NULL,'2019-03-08 11:27:35','2019-03-08 11:27:35'),(252,'11','KODIAK','コディアック',NULL,'2019-03-08 11:27:35','2019-03-08 11:27:35'),(253,'11','Kirkham\'s','カーカムス',NULL,'2019-03-08 11:27:35','2019-03-08 11:27:35'),(254,'11','KLTTERMUSEN','クレッタルムーセン',NULL,'2019-03-08 11:27:35','2019-03-08 11:27:35'),(255,'11','KAYLAND','ケイランド',NULL,'2019-03-08 11:27:35','2019-03-08 11:27:35'),(256,'11','好日山荘','コウジツサンソウ',NULL,'2019-03-08 11:27:35','2019-03-08 11:27:35'),(257,'11','Kermit Chair','カーミットチェア',NULL,'2019-03-08 11:27:35','2019-03-08 11:27:35'),(258,'11','K-WAY','ケイウェイ',NULL,'2019-03-08 11:27:35','2019-03-08 11:27:35'),(259,'11','KLATTERMUSEN','クレッタルムーセン',NULL,'2019-03-08 11:27:35','2019-03-08 11:27:35'),(260,'11','快速旅団','カイソクリョダン',NULL,'2019-03-08 11:27:35','2019-03-08 11:27:35'),(261,'11','KINCO','キンコ　ワークグローブ',NULL,'2019-03-08 11:27:35','2019-03-08 11:27:35'),(262,'11','コーナン','コーナン',NULL,'2019-03-08 11:27:35','2019-03-08 11:27:35'),(263,'12','L.L.Bean','エルエルビーン',NULL,'2019-03-08 11:27:35','2019-03-08 11:27:35'),(264,'12','Lafuma','ラフマ',NULL,'2019-03-08 11:27:35','2019-03-08 11:27:35'),(265,'12','LAKEN','ラーケン',NULL,'2019-03-08 11:27:35','2019-03-08 11:27:35'),(266,'12','Land & B.C.','ランド アンド ビーシー',NULL,'2019-03-08 11:27:35','2019-03-08 11:27:35'),(267,'12','LEATHERMAN','レザーマン',NULL,'2019-03-08 11:27:35','2019-03-08 11:27:35'),(268,'12','LEKI','レキ',NULL,'2019-03-08 11:27:35','2019-03-08 11:27:35'),(269,'12','LIFESYSTEMS','ライフシステム',NULL,'2019-03-08 11:27:35','2019-03-08 11:27:35'),(270,'12','LOCUS GEAR','ローカス ギア',NULL,'2019-03-08 11:27:35','2019-03-08 11:27:35'),(271,'12','LODGE','ロッジ',NULL,'2019-03-08 11:27:35','2019-03-08 11:27:35'),(272,'12','LOGOS','ロゴス',NULL,'2019-03-08 11:27:35','2019-03-08 11:27:35'),(273,'12','luminAID','ルミンエイド',NULL,'2019-03-08 11:27:35','2019-03-08 11:27:35'),(274,'12','Lowe Alpine','ロウアルパイン',NULL,'2019-03-08 11:27:35','2019-03-08 11:27:35'),(275,'12','LA SPORTIVA','ラ・スポルティバ',NULL,'2019-03-08 11:27:35','2019-03-08 11:27:35'),(276,'12','LayBag','レイバッグ',NULL,'2019-03-08 11:27:35','2019-03-08 11:27:35'),(277,'12','LOKSAK','ロックサック',NULL,'2019-03-08 11:27:35','2019-03-08 11:27:35'),(278,'12','lumin AID','ルミンエイド',NULL,'2019-03-08 11:27:35','2019-03-08 11:27:35'),(279,'12','LIGHT MY FIRE','ライト マイ ファイア',NULL,'2019-03-08 11:27:35','2019-03-08 11:27:35'),(280,'12','LAD WEATHER','ラドウェザー',NULL,'2019-03-08 11:27:35','2019-03-08 11:27:35'),(281,'12','Luminox','ルミノックス',NULL,'2019-03-08 11:27:35','2019-03-08 11:27:35'),(282,'12','Lee','リー',NULL,'2019-03-08 11:27:35','2019-03-08 11:27:35'),(283,'12','LALO','ラロ',NULL,'2019-03-08 11:27:35','2019-03-08 11:27:35'),(284,'12','Levi\'s','リーバイス',NULL,'2019-03-08 11:27:35','2019-03-08 11:27:35'),(285,'12','LUMENA','ルーメナー',NULL,'2019-03-08 11:27:35','2019-03-08 11:27:35'),(286,'13','M&U Co.','マックスアンドユニコーン',NULL,'2019-03-08 11:27:35','2019-03-08 11:27:35'),(287,'13','MAG-LITE','マグライト',NULL,'2019-03-08 11:27:35','2019-03-08 11:27:35'),(288,'13','MANASLU','マナスル',NULL,'2019-03-08 11:27:35','2019-03-08 11:27:35'),(289,'13','MANASTASH','マナスタッシュ',NULL,'2019-03-08 11:27:35','2019-03-08 11:27:35'),(290,'13','MANIKA','マニカ',NULL,'2019-03-08 11:27:35','2019-03-08 11:27:35'),(291,'13','MARBLES','マーブルズ',NULL,'2019-03-08 11:27:35','2019-03-08 11:27:35'),(292,'13','MEI','メイ',NULL,'2019-03-08 11:27:35','2019-03-08 11:27:35'),(293,'13','milestone','マイルストーン',NULL,'2019-03-08 11:27:35','2019-03-08 11:27:35'),(294,'13','Mochiduki','モチヅキ',NULL,'2019-03-08 11:27:35','2019-03-08 11:27:35'),(295,'13','MONORAL','モノラル',NULL,'2019-03-08 11:27:35','2019-03-08 11:27:35'),(296,'13','Monro','モンロ',NULL,'2019-03-08 11:27:35','2019-03-08 11:27:35'),(297,'13','mont-bell','モンベル',NULL,'2019-03-08 11:27:35','2019-03-08 11:27:35'),(298,'13','Morakniv','モーラナイフ',NULL,'2019-03-08 11:27:35','2019-03-08 11:27:35'),(299,'13','Moss','モス',NULL,'2019-03-08 11:27:35','2019-03-08 11:27:35'),(300,'13','MOTOHASHI TAPE','モトハシテープ',NULL,'2019-03-08 11:27:35','2019-03-08 11:27:35'),(301,'13','mountain dax','マウンテンダックス',NULL,'2019-03-08 11:27:35','2019-03-08 11:27:35'),(302,'13','MSR','エムエスアール',NULL,'2019-03-08 11:27:35','2019-03-08 11:27:35'),(303,'13','MUNIEQ','ミュニーク',NULL,'2019-03-08 11:27:35','2019-03-08 11:27:35'),(304,'13','MYSTERY RANCH','ミステリーランチ',NULL,'2019-03-08 11:27:35','2019-03-08 11:27:35'),(305,'13','myX','マイクス',NULL,'2019-03-08 11:27:35','2019-03-08 11:27:35'),(306,'13','Mountain.DAX','マウンテンダックス',NULL,'2019-03-08 11:27:35','2019-03-08 11:27:35'),(307,'13','MURACO','ムラコ',NULL,'2019-03-08 11:27:35','2019-03-08 11:27:35'),(308,'13','Marmot','マーモット',NULL,'2019-03-08 11:27:35','2019-03-08 11:27:35'),(309,'13','Mammut','マムート',NULL,'2019-03-08 11:27:35','2019-03-08 11:27:35'),(310,'13','MIZUNO','ミズノ',NULL,'2019-03-08 11:27:35','2019-03-08 11:27:35'),(311,'13','Millet','ミレー',NULL,'2019-03-08 11:27:35','2019-03-08 11:27:35'),(312,'13','MOUNTAIN EQUIPMENT','マウンテンイクイップメント',NULL,'2019-03-08 11:27:35','2019-03-08 11:27:35'),(313,'13','Mountain Hardwear','マウンテンハードウェア',NULL,'2019-03-08 11:27:35','2019-03-08 11:27:35'),(314,'13','MONTURA','モンチュラ',NULL,'2019-03-08 11:27:35','2019-03-08 11:27:35'),(315,'13','MONTANE','モンテイン',NULL,'2019-03-08 11:27:35','2019-03-08 11:27:35'),(316,'13','macpac','マックパック',NULL,'2019-03-08 11:27:35','2019-03-08 11:27:35'),(317,'13','MERRELL','メレル',NULL,'2019-03-08 11:27:35','2019-03-08 11:27:35'),(318,'13','Matador','マタドール',NULL,'2019-03-08 11:27:35','2019-03-08 11:27:35'),(319,'13','MAGLITE','マグライト',NULL,'2019-03-08 11:27:35','2019-03-08 11:27:35'),(320,'13','Montrail','モントレイル',NULL,'2019-03-08 11:27:35','2019-03-08 11:27:35'),(321,'13','Mountain Martial Arts','マウンテンマーシャルアーツ',NULL,'2019-03-08 11:27:35','2019-03-08 11:27:35'),(322,'13','MADDEN','メデン',NULL,'2019-03-08 11:27:35','2019-03-08 11:27:35'),(323,'13','MerkWares','メルクウェアーズ',NULL,'2019-03-08 11:27:35','2019-03-08 11:27:35'),(324,'13','MAKAVELIC','マキャベリック',NULL,'2019-03-08 11:27:35','2019-03-08 11:27:35'),(325,'13','master-piece','マスターピース',NULL,'2019-03-08 11:27:35','2019-03-08 11:27:35'),(326,'13','Manhattan Portage','マンハッタンポーテージ',NULL,'2019-03-08 11:27:35','2019-03-08 11:27:35'),(327,'13','MIS','エムアイエス',NULL,'2019-03-08 11:27:35','2019-03-08 11:27:35'),(328,'13','Mountain Research','マウンテンリサーチ',NULL,'2019-03-08 11:27:35','2019-03-08 11:27:35'),(329,'13','村の鍛冶屋','ムラノカジヤ',NULL,'2019-03-08 11:27:35','2019-03-08 11:27:35'),(330,'14','nalgene','ナルゲン',NULL,'2019-03-08 11:27:35','2019-03-08 11:27:35'),(331,'14','NANGA','ナンガ',NULL,'2019-03-08 11:27:35','2019-03-08 11:27:35'),(332,'14','NATAL DESIGN','ネイタルデザイン',NULL,'2019-03-08 11:27:35','2019-03-08 11:27:35'),(333,'14','NATURAL SPIRIT','ナチュラルスピリット',NULL,'2019-03-08 11:27:35','2019-03-08 11:27:35'),(334,'14','NatureHike','ネイチャーハイク',NULL,'2019-03-08 11:27:35','2019-03-08 11:27:35'),(335,'14','NEMO Equipment','ニーモ・イクイップメント',NULL,'2019-03-08 11:27:35','2019-03-08 11:27:35'),(336,'14','NEUTRAL OUTDOOR','ニュートラルアウトドア',NULL,'2019-03-08 11:27:35','2019-03-08 11:27:35'),(337,'14','NEXTORCH','ネクストーチ',NULL,'2019-03-08 11:27:35','2019-03-08 11:27:35'),(338,'14','NicotamaOutdoorClub','ニコタマアウトドアクラブ',NULL,'2019-03-08 11:27:35','2019-03-08 11:27:35'),(339,'14','日本船燈','ニホンセントウ',NULL,'2019-03-08 11:27:35','2019-03-08 11:27:35'),(340,'14','NIKWAX','ニクワックス',NULL,'2019-03-08 11:27:35','2019-03-08 11:27:35'),(341,'14','NITE-IZE','ナイトアイズ',NULL,'2019-03-08 11:27:35','2019-03-08 11:27:35'),(342,'14','NIXON','ニクソン',NULL,'2019-03-08 11:27:35','2019-03-08 11:27:35'),(343,'14','NORDISK','ノルディスク',NULL,'2019-03-08 11:27:35','2019-03-08 11:27:35'),(344,'14','North Eagle','ノースイーグル',NULL,'2019-03-08 11:27:35','2019-03-08 11:27:35'),(345,'14','NOMADO','ノマド',NULL,'2019-03-08 11:27:35','2019-03-08 11:27:35'),(346,'14','日本野鳥の会','ニホンヤチョウノカイ',NULL,'2019-03-08 11:27:35','2019-03-08 11:27:35'),(347,'14','New Balance','ニューバランス',NULL,'2019-03-08 11:27:35','2019-03-08 11:27:35'),(348,'14','NIKE','ナイキ',NULL,'2019-03-08 11:27:35','2019-03-08 11:27:35'),(349,'14','Nature tones','ネイチャートーンズ',NULL,'2019-03-08 11:27:35','2019-03-08 11:27:35'),(350,'14','NRS','エヌアールエス',NULL,'2019-03-08 11:27:35','2019-03-08 11:27:35'),(351,'14','Norrøna','ノローナ',NULL,'2019-03-08 11:27:35','2019-03-08 11:27:35'),(352,'14','New Balance','ニューバランス',NULL,'2019-03-08 11:27:35','2019-03-08 11:27:35'),(353,'14','nau','ナウ',NULL,'2019-03-08 11:27:35','2019-03-08 11:27:35'),(354,'14','Nigel Cabourn','ナイジェル ケーボン',NULL,'2019-03-08 11:27:35','2019-03-08 11:27:35'),(355,'14','NEIGHBORHOOD','ネイバーフッド',NULL,'2019-03-08 11:27:35','2019-03-08 11:27:35'),(356,'14','New Era','ニューエラ',NULL,'2019-03-08 11:27:35','2019-03-08 11:27:35'),(357,'14','ニトリ','ニトリ',NULL,'2019-03-08 11:27:35','2019-03-08 11:27:35'),(358,'14','日清食品','ニッシンショクヒン',NULL,'2019-03-08 11:27:35','2019-03-08 11:27:35'),(359,'15','Ocho Camp','オーチョキャンプ',NULL,'2019-03-08 11:27:35','2019-03-08 11:27:35'),(360,'15','OGAWA CAMPAL','オガワキャンパル',NULL,'2019-03-08 11:27:35','2019-03-08 11:27:35'),(361,'15','OGAWAND','オガワンド',NULL,'2019-03-08 11:27:35','2019-03-08 11:27:35'),(362,'15','OMM','オリジナルマウンテンマラソン',NULL,'2019-03-08 11:27:35','2019-03-08 11:27:35'),(363,'15','尾上製作所(ONOE)','オノエ',NULL,'2019-03-08 11:27:35','2019-03-08 11:27:35'),(364,'15','OPINEL','オピネル',NULL,'2019-03-08 11:27:35','2019-03-08 11:27:35'),(365,'15','Outback Swags','アウトバック スワッグ',NULL,'2019-03-08 11:27:35','2019-03-08 11:27:35'),(366,'15','OUTDOOR PRODUCTS','アウトドアプロダクツ',NULL,'2019-03-08 11:27:35','2019-03-08 11:27:35'),(367,'15','Outdoor Research','アウトドアリサーチ',NULL,'2019-03-08 11:27:35','2019-03-08 11:27:35'),(368,'15','Outside In','アウトサイドイン',NULL,'2019-03-08 11:27:35','2019-03-08 11:27:35'),(369,'15','OSPREY','オスプレー',NULL,'2019-03-08 11:27:35','2019-03-08 11:27:35'),(370,'15','OAKLEY','オークリー',NULL,'2019-03-08 11:27:35','2019-03-08 11:27:35'),(371,'15','Optimus','オプティマス',NULL,'2019-03-08 11:27:35','2019-03-08 11:27:35'),(372,'15','oxtos','オクトス',NULL,'2019-03-08 11:27:35','2019-03-08 11:27:35'),(373,'15','OUTPUT LIFE','アウトプットライフ',NULL,'2019-03-08 11:27:35','2019-03-08 11:27:35'),(374,'15','Onway','オンウェー',NULL,'2019-03-08 11:27:35','2019-03-08 11:27:35'),(375,'15','OIGEN','オイゲン',NULL,'2019-03-08 11:27:35','2019-03-08 11:27:35'),(376,'15','Oboz','オボズ',NULL,'2019-03-08 11:27:35','2019-03-08 11:27:35'),(377,'15','Outsid Insaide','アウトサイドインサイド',NULL,'2019-03-08 11:27:35','2019-03-08 11:27:35'),(378,'15','Oregonian Outfitters','オレゴニアンアウトフィッターズ',NULL,'2019-03-08 11:27:35','2019-03-08 11:27:35'),(379,'15','OJAGA DESIGN','オジャガデザイン',NULL,'2019-03-08 11:27:35','2019-03-08 11:27:35'),(380,'15','OSC CROSS','オーエスシー クロス',NULL,'2019-03-08 11:27:35','2019-03-08 11:27:35'),(381,'16','PaaGo WORKS','パーゴワークス',NULL,'2019-03-08 11:27:35','2019-03-08 11:27:35'),(382,'16','PackTowl','パックタオル',NULL,'2019-03-08 11:27:35','2019-03-08 11:27:35'),(383,'16','Patagonia','パタゴニア',NULL,'2019-03-08 11:27:35','2019-03-08 11:27:35'),(384,'16','PENDLETON','ペンドルトン',NULL,'2019-03-08 11:27:35','2019-03-08 11:27:35'),(385,'16','Petromax','ペトロマックス',NULL,'2019-03-08 11:27:35','2019-03-08 11:27:35'),(386,'16','platypus','プラティパス',NULL,'2019-03-08 11:27:35','2019-03-08 11:27:35'),(387,'16','POLAR BOTTLE','ポーラーボトル',NULL,'2019-03-08 11:27:35','2019-03-08 11:27:35'),(388,'16','POLeR','ポーラー',NULL,'2019-03-08 11:27:35','2019-03-08 11:27:35'),(389,'16','PORLEX','ポーレックス',NULL,'2019-03-08 11:27:35','2019-03-08 11:27:35'),(390,'16','PRIMUS','プリムス',NULL,'2019-03-08 11:27:35','2019-03-08 11:27:35'),(391,'16','Princeton Tec','プリンストン テック',NULL,'2019-03-08 11:27:35','2019-03-08 11:27:35'),(392,'16','PUEBCO','プエブコ',NULL,'2019-03-08 11:27:35','2019-03-08 11:27:35'),(393,'16','PUROMONTE','プロモンテ',NULL,'2019-03-08 11:27:35','2019-03-08 11:27:35'),(394,'16','phenix','フェニックス',NULL,'2019-03-08 11:27:35','2019-03-08 11:27:35'),(395,'16','PERFECT POTION','パーフェクト ポーション',NULL,'2019-03-08 11:27:35','2019-03-08 11:27:35'),(396,'16','PETZL','ペツル',NULL,'2019-03-08 11:27:35','2019-03-08 11:27:35'),(397,'16','PLAYDESIGN','プレイデザイン',NULL,'2019-03-08 11:27:35','2019-03-08 11:27:35'),(398,'16','PeakPerformance','ピークパフォーマンス',NULL,'2019-03-08 11:27:35','2019-03-08 11:27:35'),(399,'16','People Footwear','ピープルフットウェア',NULL,'2019-03-08 11:27:35','2019-03-08 11:27:35'),(400,'16','pacsafe','パックセーフ',NULL,'2019-03-08 11:27:35','2019-03-08 11:27:35'),(401,'16','PUMA','プーマ',NULL,'2019-03-08 11:27:35','2019-03-08 11:27:35'),(402,'16','Phatee','ファッティー',NULL,'2019-03-08 11:27:35','2019-03-08 11:27:35'),(403,'16','PORTER','ポーター',NULL,'2019-03-08 11:27:35','2019-03-08 11:27:35'),(404,'16','Picture Organic Clothing','ピクチャー オーガニック クロージング',NULL,'2019-03-08 11:27:35','2019-03-08 11:27:35'),(405,'16','PUNK DRUNKERS','パンクドランカーズ',NULL,'2019-03-08 11:27:35','2019-03-08 11:27:35'),(406,'16','PINE FORT','パインフォート',NULL,'2019-03-08 11:27:35','2019-03-08 11:27:35'),(407,'16','POLEWARDS','ポールワーズ',NULL,'2019-03-08 11:27:35','2019-03-08 11:27:35'),(408,'16','PALLADIUM','パラディウム',NULL,'2019-03-08 11:27:35','2019-03-08 11:27:35'),(409,'16','POC','ポック',NULL,'2019-03-08 11:27:35','2019-03-08 11:27:35'),(410,'16','PLUS ONE WORKS','プラスワンワークス',NULL,'2019-03-08 11:27:35','2019-03-08 11:27:35'),(411,'16','Peregrine Furniture','ペレグリン ファニチャー',NULL,'2019-03-08 11:27:35','2019-03-08 11:27:35'),(412,'16','Platchamp','プラットチャンプ',NULL,'2019-03-08 11:27:35','2019-03-08 11:27:35'),(413,'16','Prism','プリズム',NULL,'2019-03-08 11:27:35','2019-03-08 11:27:35'),(414,'17','QUALZ','クオルツ',NULL,'2019-03-08 11:27:35','2019-03-08 11:27:35'),(415,'17','Quechua','ケシュア',NULL,'2019-03-08 11:27:35','2019-03-08 11:27:35'),(416,'18','RawLow Mountain Works','ロウロウマウンテンワークス',NULL,'2019-03-08 11:27:35','2019-03-08 11:27:35'),(417,'18','Redverz Gear','レッドバーズギア',NULL,'2019-03-08 11:27:35','2019-03-08 11:27:35'),(418,'18','Riverside Rambler','リバーサイド ランブラー',NULL,'2019-03-08 11:27:35','2019-03-08 11:27:35'),(419,'18','ROOTOTE','ルートート',NULL,'2019-03-08 11:27:35','2019-03-08 11:27:35'),(420,'18','ROKX','ロックス',NULL,'2019-03-08 11:27:35','2019-03-08 11:27:35'),(421,'18','ROBENS','ローベンス',NULL,'2019-03-08 11:27:35','2019-03-08 11:27:35'),(422,'18','RUSSEL','ラッセル',NULL,'2019-03-08 11:27:35','2019-03-08 11:27:35'),(423,'18','RIVENDELL MOUNTAIN WORKS','リーベンデールマウンテンワークス',NULL,'2019-03-08 11:27:35','2019-03-08 11:27:35'),(424,'18','RadioFlyer','ラジオフライヤー',NULL,'2019-03-08 11:27:35','2019-03-08 11:27:35'),(425,'18','Reebok','リーボック',NULL,'2019-03-08 11:27:35','2019-03-08 11:27:35'),(426,'18','Rainbow Sandals','レインボーサンダル',NULL,'2019-03-08 11:27:35','2019-03-08 11:27:35'),(427,'18','Rocky Mountain Featherbed','ロッキー マウンテン フェザーベッド',NULL,'2019-03-08 11:27:35','2019-03-08 11:27:35'),(428,'18','Rab','ラブ',NULL,'2019-03-08 11:27:35','2019-03-08 11:27:35'),(429,'18','Rubbermaid','ラバーメイド',NULL,'2019-03-08 11:27:35','2019-03-08 11:27:35'),(430,'18','ROTHCO','ロスコ',NULL,'2019-03-08 11:27:35','2019-03-08 11:27:35'),(431,'18','ROOT CO.','ルート',NULL,'2019-03-08 11:27:35','2019-03-08 11:27:35'),(432,'19','Sanpo\'s','サンポズ',NULL,'2019-03-08 11:27:35','2019-03-08 11:27:35'),(433,'19','Sawyer Products','ソイヤープロダクツ',NULL,'2019-03-08 11:27:35','2019-03-08 11:27:35'),(434,'19','Scrubba','スクラバ',NULL,'2019-03-08 11:27:35','2019-03-08 11:27:35'),(435,'19','SEA TO SUMMIT','シートゥーサミット',NULL,'2019-03-08 11:27:35','2019-03-08 11:27:35'),(436,'19','Sealline','シールライン',NULL,'2019-03-08 11:27:35','2019-03-08 11:27:35'),(437,'19','SEATTLE SPORTS','シアトルスポーツ',NULL,'2019-03-08 11:27:35','2019-03-08 11:27:35'),(438,'19','SEVYLOR','セビラー',NULL,'2019-03-08 11:27:35','2019-03-08 11:27:35'),(439,'19','seychelle','セイシェル',NULL,'2019-03-08 11:27:35','2019-03-08 11:27:35'),(440,'19','SHIMANO','シマノ',NULL,'2019-03-08 11:27:35','2019-03-08 11:27:35'),(441,'19','笑’s','ショウズ',NULL,'2019-03-08 11:27:35','2019-03-08 11:27:35'),(442,'19','Six Moon Designs','シックスムーンデザイン',NULL,'2019-03-08 11:27:35','2019-03-08 11:27:35'),(443,'19','SKINCOM','スキンコム',NULL,'2019-03-08 11:27:35','2019-03-08 11:27:35'),(444,'19','Slip-N-Snip','スリップンスニップ',NULL,'2019-03-08 11:27:35','2019-03-08 11:27:35'),(445,'19','snowpeak','スノーピーク',NULL,'2019-03-08 11:27:35','2019-03-08 11:27:35'),(446,'19','Snugpak','スナグパック',NULL,'2019-03-08 11:27:35','2019-03-08 11:27:35'),(447,'19','SOLA TITANIUM GEAR','ソラ チタニウムギア',NULL,'2019-03-08 11:27:35','2019-03-08 11:27:35'),(448,'19','SOLARPUFF','ソーラーパフ',NULL,'2019-03-08 11:27:35','2019-03-08 11:27:35'),(449,'19','Solo Stove','ソロストーブ',NULL,'2019-03-08 11:27:35','2019-03-08 11:27:35'),(450,'19','SomAbito','ソマビト',NULL,'2019-03-08 11:27:35','2019-03-08 11:27:35'),(451,'19','SOREL','ソレル',NULL,'2019-03-08 11:27:35','2019-03-08 11:27:35'),(452,'19','SOTO','ソト',NULL,'2019-03-08 11:27:35','2019-03-08 11:27:35'),(453,'19','SOUTH FIELD','サウスフィールド',NULL,'2019-03-08 11:27:35','2019-03-08 11:27:35'),(454,'19','Spyderco','スパイダルコ',NULL,'2019-03-08 11:27:35','2019-03-08 11:27:35'),(455,'19','STANLEY','スタンレー',NULL,'2019-03-08 11:27:35','2019-03-08 11:27:35'),(456,'19','STAR FIELD OUTDOOR','スターフィールドアウトドア',NULL,'2019-03-08 11:27:35','2019-03-08 11:27:35'),(457,'19','staub','ストウブ',NULL,'2019-03-08 11:27:35','2019-03-08 11:27:35'),(458,'19','STELLA LUCE','ステラルース',NULL,'2019-03-08 11:27:35','2019-03-08 11:27:35'),(459,'19','suprabeam','スプラビーム',NULL,'2019-03-08 11:27:35','2019-03-08 11:27:35'),(460,'19','SURVIVE OUTDOORS LONGER','サバイブアウドドアーズロンガー',NULL,'2019-03-08 11:27:35','2019-03-08 11:27:35'),(461,'19','Swiss Advance','スイスアドバンス',NULL,'2019-03-08 11:27:35','2019-03-08 11:27:35'),(462,'19','SUUNTO','スント',NULL,'2019-03-08 11:27:35','2019-03-08 11:27:35'),(463,'19','SKINS','スキンズ',NULL,'2019-03-08 11:27:35','2019-03-08 11:27:35'),(464,'19','SIERRA DESIGNS','シェラデザイン',NULL,'2019-03-08 11:27:35','2019-03-08 11:27:35'),(465,'19','Salomon','サロモン',NULL,'2019-03-08 11:27:35','2019-03-08 11:27:35'),(466,'19','Schöffel','ショッフェル',NULL,'2019-03-08 11:27:35','2019-03-08 11:27:35'),(467,'19','SILVA','シルバ',NULL,'2019-03-08 11:27:35','2019-03-08 11:27:35'),(468,'19','SIRIO','シリオ',NULL,'2019-03-08 11:27:35','2019-03-08 11:27:35'),(469,'19','SOL','エスオーエル',NULL,'2019-03-08 11:27:35','2019-03-08 11:27:35'),(470,'19','7Mesh','セブンメッシュ',NULL,'2019-03-08 11:27:35','2019-03-08 11:27:35'),(471,'19','Smartwool','スマートウール',NULL,'2019-03-08 11:27:35','2019-03-08 11:27:35'),(472,'19','SCARPA','スカルパ',NULL,'2019-03-08 11:27:35','2019-03-08 11:27:35'),(473,'19','SWANS','スワンズ',NULL,'2019-03-08 11:27:35','2019-03-08 11:27:35'),(474,'19','SOTOLABO','ソトラボ',NULL,'2019-03-08 11:27:35','2019-03-08 11:27:35'),(475,'19','SwissTech','スイステック',NULL,'2019-03-08 11:27:35','2019-03-08 11:27:35'),(476,'19','SOMA','ソーマ',NULL,'2019-03-08 11:27:35','2019-03-08 11:27:35'),(477,'19','SWANS','スワンズ',NULL,'2019-03-08 11:27:35','2019-03-08 11:27:35'),(478,'19','sunsetclimax','サンセットクライマックス',NULL,'2019-03-08 11:27:35','2019-03-08 11:27:35'),(479,'19','SLUMBERJACK','スランバージャック',NULL,'2019-03-08 11:27:35','2019-03-08 11:27:35'),(480,'19','SUN COMPANY','サンカンパニー',NULL,'2019-03-08 11:27:35','2019-03-08 11:27:35'),(481,'19','SOLITE STOVE','ソーライトストーブ',NULL,'2019-03-08 11:27:35','2019-03-08 11:27:35'),(482,'19','SON OF THE CHEESE','サノバチーズ',NULL,'2019-03-08 11:27:35','2019-03-08 11:27:35'),(483,'19','Saucony','サッカニー',NULL,'2019-03-08 11:27:35','2019-03-08 11:27:35'),(484,'19','STANDARD CALIFORNIA','スタンダード カリフォルニア',NULL,'2019-03-08 11:27:35','2019-03-08 11:27:35'),(485,'19','SHAKA','シャカ',NULL,'2019-03-08 11:27:35','2019-03-08 11:27:35'),(486,'19','SOUTH2 WEST8','サウスツー ウェストエイト',NULL,'2019-03-08 11:27:35','2019-03-08 11:27:35'),(487,'19','SALTWATER COWBOY','ソルトウォーターカウボーイ',NULL,'2019-03-08 11:27:35','2019-03-08 11:27:35'),(488,'19','SLUMBERJACK','スランバージャック',NULL,'2019-03-08 11:27:35','2019-03-08 11:27:35'),(489,'20','TACOMA FUJI RECORDS','タコマフジレコード',NULL,'2019-03-08 11:27:35','2019-03-08 11:27:35'),(490,'20','武井バーナー','タケイバーナー',NULL,'2019-03-08 11:27:35','2019-03-08 11:27:35'),(491,'20','tasco','タスコ',NULL,'2019-03-08 11:27:35','2019-03-08 11:27:35'),(492,'20','TATONKA','タトンカ',NULL,'2019-03-08 11:27:35','2019-03-08 11:27:35'),(493,'20','TENT FACTORY','テントファクトリー',NULL,'2019-03-08 11:27:35','2019-03-08 11:27:35'),(494,'20','tent-Mark DESIGNS','テンマクデザイン',NULL,'2019-03-08 11:27:35','2019-03-08 11:27:35'),(495,'20','Tentipi','テンティピ',NULL,'2019-03-08 11:27:35','2019-03-08 11:27:35'),(496,'20','TERRA NOVA','テラノバ',NULL,'2019-03-08 11:27:35','2019-03-08 11:27:35'),(497,'20','Teton Bros.','ティートンブロス',NULL,'2019-03-08 11:27:35','2019-03-08 11:27:35'),(498,'20','TETON Sports','テトン スポーツ',NULL,'2019-03-08 11:27:35','2019-03-08 11:27:35'),(499,'20','THE NORTH FACE','ザ・ノース・フェイス',NULL,'2019-03-08 11:27:35','2019-03-08 11:27:35'),(500,'20','THERMAREST','サーマレスト',NULL,'2019-03-08 11:27:35','2019-03-08 11:27:35'),(501,'20','thermo mug','サーモマグ',NULL,'2019-03-08 11:27:35','2019-03-08 11:27:35'),(502,'20','THERMOS','サーモス',NULL,'2019-03-08 11:27:35','2019-03-08 11:27:35'),(503,'20','TOAKS','トークス',NULL,'2019-03-08 11:27:35','2019-03-08 11:27:35'),(504,'20','TRAIL BUM','トレイルバム',NULL,'2019-03-08 11:27:35','2019-03-08 11:27:35'),(505,'20','Trangia','トランギア',NULL,'2019-03-08 11:27:35','2019-03-08 11:27:35'),(506,'20','TRAVELCHAIR','トラベルチェア',NULL,'2019-03-08 11:27:35','2019-03-08 11:27:35'),(507,'20','Treksta','トレクスタ',NULL,'2019-03-08 11:27:35','2019-03-08 11:27:35'),(508,'20','tribeone','トライブワン',NULL,'2019-03-08 11:27:35','2019-03-08 11:27:35'),(509,'20','TRUE UTILITY','トゥルーユーティリティー',NULL,'2019-03-08 11:27:35','2019-03-08 11:27:35'),(510,'20','TRUNK\'IN','トランキン',NULL,'2019-03-08 11:27:35','2019-03-08 11:27:35'),(511,'20','Tyny Tools','タイニーツール',NULL,'2019-03-08 11:27:35','2019-03-08 11:27:35'),(512,'20','TEVA','テバ',NULL,'2019-03-08 11:27:35','2019-03-08 11:27:35'),(513,'20','Timberland','ティンバーランド',NULL,'2019-03-08 11:27:35','2019-03-08 11:27:35'),(514,'20','THE CAMPER','ザキャンパー',NULL,'2019-03-08 11:27:35','2019-03-08 11:27:35'),(515,'20','TEMPO','テムポ',NULL,'2019-03-08 11:27:35','2019-03-08 11:27:35'),(516,'20','Tilak','ティラック',NULL,'2019-03-08 11:27:35','2019-03-08 11:27:35'),(517,'20','TOYMOCK','トイモック',NULL,'2019-03-08 11:27:35','2019-03-08 11:27:35'),(518,'20','traser','トレーサー',NULL,'2019-03-08 11:27:35','2019-03-08 11:27:35'),(519,'20','totes','トーツ',NULL,'2019-03-08 11:27:35','2019-03-08 11:27:35'),(520,'20','TENTSILE JAPAN','テントサイルジャパン',NULL,'2019-03-08 11:27:35','2019-03-08 11:27:35'),(521,'20','Turk','ターク',NULL,'2019-03-08 11:27:35','2019-03-08 11:27:35'),(522,'20','tempra cycle','テンプラサイクル',NULL,'2019-03-08 11:27:35','2019-03-08 11:27:35'),(523,'20','TRIOP','トリオプ',NULL,'2019-03-08 11:27:35','2019-03-08 11:27:35'),(524,'20','TOPO DESIGNS','トポデザイン',NULL,'2019-03-08 11:27:35','2019-03-08 11:27:35'),(525,'20','TCSS','ティーシーエスエス',NULL,'2019-03-08 11:27:35','2019-03-08 11:27:35'),(526,'20','TERG','ターグ',NULL,'2019-03-08 11:27:35','2019-03-08 11:27:35'),(527,'20','TOYOTOMI','トヨトミ',NULL,'2019-03-08 11:27:35','2019-03-08 11:27:35'),(528,'20','TRUSCO','トラスコ',NULL,'2019-03-08 11:27:35','2019-03-08 11:27:35'),(529,'20','TICLA','ティクラ',NULL,'2019-03-08 11:27:35','2019-03-08 11:27:35'),(530,'21','UCO','ユーコ',NULL,'2019-03-08 11:27:35','2019-03-08 11:27:35'),(531,'21','UltrAspire','ウルトラスパイア',NULL,'2019-03-08 11:27:35','2019-03-08 11:27:35'),(532,'21','UNIFLAME','ユニフレーム',NULL,'2019-03-08 11:27:35','2019-03-08 11:27:35'),(533,'22','Vango','バンゴ',NULL,'2019-03-08 11:27:35','2019-03-08 11:27:35'),(534,'22','VARGO','バーゴ',NULL,'2019-03-08 11:27:35','2019-03-08 11:27:35'),(535,'22','VAUDE','ファウデ',NULL,'2019-03-08 11:27:35','2019-03-08 11:27:35'),(536,'22','VENEX','ベネクス',NULL,'2019-03-08 11:27:35','2019-03-08 11:27:35'),(537,'22','VICTORINOX','ビクトリノックス',NULL,'2019-03-08 11:27:35','2019-03-08 11:27:35'),(538,'22','VISIONPEAKS','ビジョンピークス',NULL,'2019-03-08 11:27:35','2019-03-08 11:27:35'),(539,'22','Vixen','ビクセン',NULL,'2019-03-08 11:27:35','2019-03-08 11:27:35'),(540,'22','VASQUE','バスク',NULL,'2019-03-08 11:27:35','2019-03-08 11:27:35'),(541,'22','VAGABOND','ヴァガボンド',NULL,'2019-03-08 11:27:35','2019-03-08 11:27:35'),(542,'22','VANS','バンズ',NULL,'2019-03-08 11:27:35','2019-03-08 11:27:35'),(543,'22','VALLICANS','バリカンズ',NULL,'2019-03-08 11:27:35','2019-03-08 11:27:35'),(544,'22','Valor','バーラー',NULL,'2019-03-08 11:27:35','2019-03-08 11:27:35'),(545,'23','W.R. Case & Sons Cutlery Company','ケース・アンド・サンズ・カトラリー',NULL,'2019-03-08 11:27:35','2019-03-08 11:27:35'),(546,'23','Wabee-Sabee','ワビーサビー',NULL,'2019-03-08 11:27:35','2019-03-08 11:27:35'),(547,'23','Waka Waka','ワカワカ',NULL,'2019-03-08 11:27:35','2019-03-08 11:27:35'),(548,'23','Wild Country','ワイルドカントリー',NULL,'2019-03-08 11:27:35','2019-03-08 11:27:35'),(549,'23','WILD-1','ワイルドワン',NULL,'2019-03-08 11:27:35','2019-03-08 11:27:35'),(550,'23','WILD THINGS','ワイルドシングス',NULL,'2019-03-08 11:27:35','2019-03-08 11:27:35'),(551,'23','WOOLRICH','ウールリッチ',NULL,'2019-03-08 11:27:35','2019-03-08 11:27:35'),(552,'23','Western Mountaineering','ウエスタンマウンテニアリング',NULL,'2019-03-08 11:27:35','2019-03-08 11:27:35'),(553,'23','weber','ウェーバー',NULL,'2019-03-08 11:27:35','2019-03-08 11:27:35'),(554,'23','Wood & Faulk','ウッドアンドフォーク',NULL,'2019-03-08 11:27:35','2019-03-08 11:27:35'),(555,'23','WILDO','ウィルド',NULL,'2019-03-08 11:27:35','2019-03-08 11:27:35'),(556,'23','Wetland','ウェットランド',NULL,'2019-03-08 11:27:35','2019-03-08 11:27:35'),(557,'23','WILDERNESS EXPERIENCE','ウィルダネスエクスペリエンス',NULL,'2019-03-08 11:27:35','2019-03-08 11:27:35'),(558,'23','WRSI','ダブリューアールエスアイ',NULL,'2019-03-08 11:27:35','2019-03-08 11:27:35'),(559,'23','WERKS','ワークス',NULL,'2019-03-08 11:27:35','2019-03-08 11:27:35'),(560,'23','Whole Earth Collection','ホールアース',NULL,'2019-03-08 11:27:35','2019-03-08 11:27:35'),(561,'23','WORKMAN','ワークマン',NULL,'2019-03-08 11:27:35','2019-03-08 11:27:35'),(562,'24','山と道','ヤマトミチ',NULL,'2019-03-08 11:27:35','2019-03-08 11:27:35'),(563,'24','山善','ヤマゼン',NULL,'2019-03-08 11:27:35','2019-03-08 11:27:35'),(564,'24','YELLOW FACE','イエローフェイス',NULL,'2019-03-08 11:27:35','2019-03-08 11:27:35'),(565,'24','YETI COOLERS','イエティ クーラーズ',NULL,'2019-03-08 11:27:35','2019-03-08 11:27:35'),(566,'24','YNOT','ワイノット',NULL,'2019-03-08 11:27:35','2019-03-08 11:27:35'),(567,'24','YOKA','ヨカ',NULL,'2019-03-08 11:27:35','2019-03-08 11:27:35'),(568,'24','ヨコザワテッパン','ヨコザワテッパン',NULL,'2019-03-08 11:27:35','2019-03-08 11:27:35'),(569,'24','遊牧舎工房','ユウボクシャコウボウ',NULL,'2019-03-08 11:27:35','2019-03-08 11:27:35'),(570,'24','yarmo','ヤーモ',NULL,'2019-03-08 11:27:35','2019-03-08 11:27:35'),(571,'25','zamberlan','ザンバラン',NULL,'2019-03-08 11:27:35','2019-03-08 11:27:35'),(572,'25','ZEN NUTRITION','ゼン ニュートリション',NULL,'2019-03-08 11:27:35','2019-03-08 11:27:35'),(573,'25','ZEROGRAM','ゼログラム',NULL,'2019-03-08 11:27:35','2019-03-08 11:27:35'),(574,'25','ZERO POINT','ゼロポイント',NULL,'2019-03-08 11:27:35','2019-03-08 11:27:35'),(575,'25','ZAKK PAC','ザックパック',NULL,'2019-03-08 11:27:35','2019-03-08 11:27:35');
/*!40000 ALTER TABLE `brands` ENABLE KEYS */;
UNLOCK TABLES;

--
-- Table structure for table `categories`
--

DROP TABLE IF EXISTS `categories`;
/*!40101 SET @saved_cs_client     = @@character_set_client */;
/*!40101 SET character_set_client = utf8 */;
CREATE TABLE `categories` (
  `id` int(10) unsigned NOT NULL AUTO_INCREMENT,
  `big_category_id` int(11) NOT NULL,
  `name` varchar(255) COLLATE utf8mb4_unicode_ci NOT NULL,
  `deleted_at` timestamp NULL DEFAULT NULL,
  `created_at` timestamp NULL DEFAULT NULL,
  `updated_at` timestamp NULL DEFAULT NULL,
  PRIMARY KEY (`id`)
) ENGINE=InnoDB AUTO_INCREMENT=75 DEFAULT CHARSET=utf8mb4 COLLATE=utf8mb4_unicode_ci;
/*!40101 SET character_set_client = @saved_cs_client */;

--
-- Dumping data for table `categories`
--

LOCK TABLES `categories` WRITE;
/*!40000 ALTER TABLE `categories` DISABLE KEYS */;
INSERT INTO `categories` VALUES (1,1,'テント・ツェルト',NULL,'2019-03-08 11:26:41','2019-03-08 11:26:41'),(2,1,'タープ・シェルター',NULL,'2019-03-08 11:26:41','2019-03-08 11:26:41'),(3,1,'テントアクセサリー',NULL,'2019-03-08 11:26:41','2019-03-08 11:26:41'),(4,1,'その他',NULL,'2019-03-08 11:26:41','2019-03-08 11:26:41'),(5,2,'チェア',NULL,'2019-03-08 11:26:41','2019-03-08 11:26:41'),(6,2,'テーブル',NULL,'2019-03-08 11:26:41','2019-03-08 11:26:41'),(7,2,'その他',NULL,'2019-03-08 11:26:41','2019-03-08 11:26:41'),(8,3,'マット',NULL,'2019-03-08 11:26:41','2019-03-08 11:26:41'),(9,3,'コット・ベッド',NULL,'2019-03-08 11:26:41','2019-03-08 11:26:41'),(10,3,'ピロー（枕）',NULL,'2019-03-08 11:26:41','2019-03-08 11:26:41'),(11,3,'アクセサリー',NULL,'2019-03-08 11:26:41','2019-03-08 11:26:41'),(12,3,'その他',NULL,'2019-03-08 11:26:41','2019-03-08 11:26:41'),(13,4,'燃料式ランタン',NULL,'2019-03-08 11:26:41','2019-03-08 11:26:41'),(14,4,'電池式ランタン・ライト',NULL,'2019-03-08 11:26:41','2019-03-08 11:26:41'),(15,4,'その他',NULL,'2019-03-08 11:26:41','2019-03-08 11:26:41'),(16,5,'ツーバーナー',NULL,'2019-03-08 11:26:41','2019-03-08 11:26:41'),(17,5,'シングルバーナー',NULL,'2019-03-08 11:26:41','2019-03-08 11:26:41'),(18,5,'グリル・焚き火台',NULL,'2019-03-08 11:26:41','2019-03-08 11:26:41'),(19,5,'薪ストーブ・ヒーター',NULL,'2019-03-08 11:26:41','2019-03-08 11:26:41'),(20,5,'その他',NULL,'2019-03-08 11:26:41','2019-03-08 11:26:41'),(21,6,'ガスタイプ',NULL,'2019-03-08 11:26:41','2019-03-08 11:26:41'),(22,6,'液体燃料',NULL,'2019-03-08 11:26:41','2019-03-08 11:26:41'),(23,6,'固体燃料',NULL,'2019-03-08 11:26:41','2019-03-08 11:26:41'),(24,6,'薪・炭',NULL,'2019-03-08 11:26:41','2019-03-08 11:26:41'),(25,6,'アクセサリー',NULL,'2019-03-08 11:26:41','2019-03-08 11:26:41'),(26,6,'その他',NULL,'2019-03-08 11:26:41','2019-03-08 11:26:41'),(27,7,'テーブルウェア',NULL,'2019-03-08 11:26:41','2019-03-08 11:26:41'),(28,7,'クッカー',NULL,'2019-03-08 11:26:41','2019-03-08 11:26:41'),(29,7,'ケトル・パーコレーター',NULL,'2019-03-08 11:26:41','2019-03-08 11:26:41'),(30,7,'キッチンツール',NULL,'2019-03-08 11:26:41','2019-03-08 11:26:41'),(31,7,'ジャグ・ウォーターキャリー',NULL,'2019-03-08 11:26:41','2019-03-08 11:26:41'),(32,7,'クーラー',NULL,'2019-03-08 11:26:41','2019-03-08 11:26:41'),(33,7,'水筒・ボトル',NULL,'2019-03-08 11:26:41','2019-03-08 11:26:41'),(34,7,'その他',NULL,'2019-03-08 11:26:41','2019-03-08 11:26:41'),(35,8,'マルチツール',NULL,'2019-03-08 11:26:41','2019-03-08 11:26:41'),(36,8,'ナイフ',NULL,'2019-03-08 11:26:41','2019-03-08 11:26:41'),(37,8,'手斧・ノコギリ',NULL,'2019-03-08 11:26:41','2019-03-08 11:26:41'),(38,8,'その他',NULL,'2019-03-08 11:26:41','2019-03-08 11:26:41'),(39,9,'キャリー・カート',NULL,'2019-03-08 11:26:41','2019-03-08 11:26:41'),(40,9,'カラビナ・ロープ',NULL,'2019-03-08 11:26:41','2019-03-08 11:26:41'),(41,9,'防虫・殺虫用品',NULL,'2019-03-08 11:26:41','2019-03-08 11:26:41'),(42,9,'時計・高度計・コンパス',NULL,'2019-03-08 11:26:41','2019-03-08 11:26:41'),(43,9,'防水・撥水スプレー',NULL,'2019-03-08 11:26:41','2019-03-08 11:26:41'),(44,9,'その他',NULL,'2019-03-08 11:26:41','2019-03-08 11:26:41'),(45,10,'バックパック・デイパック',NULL,'2019-03-08 11:26:41','2019-03-08 11:26:41'),(46,10,'メッセンジャーバッグ',NULL,'2019-03-08 11:26:41','2019-03-08 11:26:41'),(47,10,'トートバッグ',NULL,'2019-03-08 11:26:41','2019-03-08 11:26:41'),(48,10,'ショルダーバッグ',NULL,'2019-03-08 11:26:41','2019-03-08 11:26:41'),(49,10,'トラベルバッグ・ポーチ',NULL,'2019-03-08 11:26:41','2019-03-08 11:26:41'),(50,10,'その他',NULL,'2019-03-08 11:26:41','2019-03-08 11:26:41'),(51,11,'アウター',NULL,'2019-03-08 11:26:41','2019-03-08 11:26:41'),(52,11,'トップス',NULL,'2019-03-08 11:26:41','2019-03-08 11:26:41'),(53,11,'ボトムス',NULL,'2019-03-08 11:26:41','2019-03-08 11:26:41'),(54,11,'インナーウェア',NULL,'2019-03-08 11:26:41','2019-03-08 11:26:41'),(55,11,'アンダーウェア',NULL,'2019-03-08 11:26:41','2019-03-08 11:26:41'),(56,11,'ウェアアクセサリー',NULL,'2019-03-08 11:26:41','2019-03-08 11:26:41'),(57,11,'レインウェア',NULL,'2019-03-08 11:26:41','2019-03-08 11:26:41'),(58,11,'アイウェア',NULL,'2019-03-08 11:26:41','2019-03-08 11:26:41'),(59,11,'その他',NULL,'2019-03-08 11:26:41','2019-03-08 11:26:41'),(60,12,'スニーカー',NULL,'2019-03-08 11:26:41','2019-03-08 11:26:41'),(61,12,'サンダル',NULL,'2019-03-08 11:26:41','2019-03-08 11:26:41'),(62,12,'ブーツ',NULL,'2019-03-08 11:26:41','2019-03-08 11:26:41'),(63,12,'その他',NULL,'2019-03-08 11:26:41','2019-03-08 11:26:41'),(64,13,'ウェア',NULL,'2019-03-08 11:26:41','2019-03-08 11:26:41'),(65,13,'グッズ',NULL,'2019-03-08 11:26:41','2019-03-08 11:26:41'),(66,13,'その他',NULL,'2019-03-08 11:26:41','2019-03-08 11:26:41'),(67,14,'トレッキング',NULL,'2019-03-08 11:26:41','2019-03-08 11:26:41'),(68,14,'クライミング',NULL,'2019-03-08 11:26:41','2019-03-08 11:26:41'),(69,14,'サイクル',NULL,'2019-03-08 11:26:41','2019-03-08 11:26:41'),(70,14,'カヌー・カヤック',NULL,'2019-03-08 11:26:41','2019-03-08 11:26:41'),(71,14,'フィッシング',NULL,'2019-03-08 11:26:41','2019-03-08 11:26:41'),(72,14,'スキー・スノーボード',NULL,'2019-03-08 11:26:41','2019-03-08 11:26:41'),(73,14,'トラベル',NULL,'2019-03-08 11:26:41','2019-03-08 11:26:41'),(74,14,'その他',NULL,'2019-03-08 11:26:41','2019-03-08 11:26:41');
/*!40000 ALTER TABLE `categories` ENABLE KEYS */;
UNLOCK TABLES;

--
-- Table structure for table `category_has_gears`
--

DROP TABLE IF EXISTS `category_has_gears`;
/*!40101 SET @saved_cs_client     = @@character_set_client */;
/*!40101 SET character_set_client = utf8 */;
CREATE TABLE `category_has_gears` (
  `id` int(10) unsigned NOT NULL AUTO_INCREMENT,
  `category_id` int(11) NOT NULL,
  `gear_id` int(11) NOT NULL,
  PRIMARY KEY (`id`)
) ENGINE=InnoDB AUTO_INCREMENT=48 DEFAULT CHARSET=utf8mb4 COLLATE=utf8mb4_unicode_ci;
/*!40101 SET character_set_client = @saved_cs_client */;

--
-- Dumping data for table `category_has_gears`
--

LOCK TABLES `category_has_gears` WRITE;
/*!40000 ALTER TABLE `category_has_gears` DISABLE KEYS */;
INSERT INTO `category_has_gears` VALUES (1,6,10),(2,1,11),(3,1,12),(4,1,13),(5,3,14),(6,1,15),(7,1,16),(8,1,17),(9,3,18),(10,1,19),(11,1,20),(12,1,21),(13,1,22),(14,1,23),(15,1,24),(16,1,25),(17,1,26),(18,2,27),(19,2,28),(20,2,29),(21,2,30),(22,2,31),(23,2,32),(24,2,33),(25,2,34),(26,2,35),(27,2,36),(28,2,37),(29,2,38),(30,2,39),(31,2,40),(32,1,41),(34,2,42),(35,2,43),(36,2,44),(37,2,45),(38,1,46),(39,2,47),(40,2,48),(41,1,49),(42,7,50),(43,7,51),(44,7,52),(45,7,53),(46,7,54),(47,7,55);
/*!40000 ALTER TABLE `category_has_gears` ENABLE KEYS */;
UNLOCK TABLES;

--
-- Table structure for table `gear_profiles`
--

DROP TABLE IF EXISTS `gear_profiles`;
/*!40101 SET @saved_cs_client     = @@character_set_client */;
/*!40101 SET character_set_client = utf8 */;
CREATE TABLE `gear_profiles` (
  `id` int(10) unsigned NOT NULL AUTO_INCREMENT,
  `gear_id` int(11) NOT NULL,
  `have_count` int(11) NOT NULL DEFAULT '0',
  `want_count` int(11) NOT NULL DEFAULT '0',
  `fav_count` int(11) NOT NULL DEFAULT '0',
  `thander_avg` int(11) NOT NULL DEFAULT '0',
  `deleted_at` timestamp NULL DEFAULT NULL,
  `created_at` timestamp NULL DEFAULT NULL,
  `updated_at` timestamp NULL DEFAULT NULL,
  PRIMARY KEY (`id`)
) ENGINE=InnoDB AUTO_INCREMENT=56 DEFAULT CHARSET=utf8mb4 COLLATE=utf8mb4_unicode_ci;
/*!40101 SET character_set_client = @saved_cs_client */;

--
-- Dumping data for table `gear_profiles`
--

LOCK TABLES `gear_profiles` WRITE;
/*!40000 ALTER TABLE `gear_profiles` DISABLE KEYS */;
INSERT INTO `gear_profiles` VALUES (1,1,0,0,0,0,NULL,'2019-03-08 11:33:11','2019-03-08 11:33:11'),(2,2,0,0,0,0,NULL,'2019-03-08 11:36:21','2019-03-08 11:36:21'),(3,3,0,0,0,0,NULL,'2019-03-08 11:44:41','2019-03-08 11:44:41'),(4,4,0,0,0,0,NULL,'2019-03-08 11:51:25','2019-03-08 11:51:25'),(5,5,0,0,0,0,NULL,'2019-03-08 11:53:05','2019-03-08 11:53:05'),(6,6,0,0,0,0,NULL,'2019-03-08 11:54:12','2019-03-08 11:54:12'),(7,7,0,0,0,0,NULL,'2019-03-08 11:56:57','2019-03-08 11:56:57'),(8,8,0,0,0,0,NULL,'2019-03-08 12:04:48','2019-03-08 12:04:48'),(9,9,0,0,0,0,NULL,'2019-03-08 12:07:55','2019-03-08 12:07:55'),(10,10,0,0,0,0,NULL,'2019-03-10 08:06:46','2019-03-10 08:06:46'),(11,11,0,0,0,0,NULL,'2019-03-11 02:53:58','2019-03-11 02:53:58'),(12,12,0,0,0,0,NULL,'2019-03-11 02:55:26','2019-03-11 02:55:26'),(13,13,0,0,0,0,NULL,'2019-03-11 02:56:33','2019-03-11 02:56:33'),(14,14,0,0,0,0,NULL,'2019-03-11 03:07:51','2019-03-11 03:07:51'),(15,15,0,0,0,0,NULL,'2019-03-11 03:10:11','2019-03-11 03:10:11'),(16,16,0,0,0,0,NULL,'2019-03-11 03:14:14','2019-03-11 03:14:14'),(17,17,0,0,0,0,NULL,'2019-03-11 03:21:41','2019-03-11 03:21:41'),(18,18,0,0,0,0,NULL,'2019-03-11 03:29:29','2019-03-11 03:29:29'),(19,19,0,0,0,0,NULL,'2019-03-11 03:34:07','2019-03-11 03:34:07'),(20,20,0,0,0,0,NULL,'2019-03-11 03:40:39','2019-03-11 03:40:39'),(21,21,0,0,0,0,NULL,'2019-03-11 03:44:50','2019-03-11 03:44:50'),(22,22,0,0,0,0,NULL,'2019-03-11 03:54:20','2019-03-11 03:54:20'),(23,23,0,0,0,0,NULL,'2019-03-11 03:57:25','2019-03-11 03:57:25'),(24,24,0,0,0,0,NULL,'2019-03-11 04:01:19','2019-03-11 04:01:19'),(25,25,0,0,0,0,NULL,'2019-03-11 04:05:25','2019-03-11 04:05:25'),(26,26,0,0,0,0,NULL,'2019-03-11 04:09:32','2019-03-11 04:09:32'),(27,27,0,0,0,0,NULL,'2019-03-11 05:03:26','2019-03-11 05:03:26'),(28,28,0,0,0,0,NULL,'2019-03-11 05:11:52','2019-03-11 05:11:52'),(29,29,0,0,0,0,NULL,'2019-03-11 05:17:28','2019-03-11 05:17:28'),(30,30,0,0,0,0,NULL,'2019-03-11 05:21:00','2019-03-11 05:21:00'),(31,31,0,0,0,0,NULL,'2019-03-11 05:23:13','2019-03-11 05:23:13'),(32,32,0,0,0,0,NULL,'2019-03-11 05:28:22','2019-03-11 05:28:22'),(33,33,0,0,0,0,NULL,'2019-03-11 05:32:36','2019-03-11 05:32:36'),(34,34,0,0,0,0,NULL,'2019-03-11 05:36:10','2019-03-11 05:36:10'),(35,35,0,0,0,0,NULL,'2019-03-11 05:41:58','2019-03-11 05:41:58'),(36,36,0,0,0,0,NULL,'2019-03-11 05:45:36','2019-03-11 05:45:36'),(37,37,0,0,0,0,NULL,'2019-03-11 05:48:17','2019-03-11 05:48:17'),(38,38,0,0,0,0,NULL,'2019-03-11 05:51:34','2019-03-11 05:51:34'),(39,39,0,0,0,0,NULL,'2019-03-11 05:55:17','2019-03-11 05:55:17'),(40,40,0,0,0,0,NULL,'2019-03-11 05:58:18','2019-03-11 05:58:18'),(41,41,0,0,0,0,NULL,'2019-03-11 06:08:52','2019-03-11 06:08:52'),(42,42,0,0,0,0,NULL,'2019-03-11 06:13:35','2019-03-11 06:13:35'),(43,43,0,0,0,0,NULL,'2019-03-11 06:19:42','2019-03-11 06:19:42'),(44,44,0,0,0,0,NULL,'2019-03-11 06:39:01','2019-03-11 06:39:01'),(45,45,0,0,0,0,NULL,'2019-03-11 06:43:22','2019-03-11 06:43:22'),(46,46,0,0,0,0,NULL,'2019-03-11 06:46:32','2019-03-11 06:46:32'),(47,47,0,0,0,0,NULL,'2019-03-11 07:01:12','2019-03-11 07:01:12'),(48,48,0,0,0,0,NULL,'2019-03-11 07:04:53','2019-03-11 07:04:53'),(49,49,0,0,0,0,NULL,'2019-03-11 07:08:54','2019-03-11 07:08:54'),(50,50,0,0,0,0,NULL,'2019-03-11 07:25:34','2019-03-11 07:25:34'),(51,51,0,0,0,0,NULL,'2019-03-11 07:58:16','2019-03-11 07:58:16'),(52,52,0,0,0,0,NULL,'2019-03-11 08:01:24','2019-03-11 08:01:24'),(53,53,0,0,0,0,NULL,'2019-03-11 08:04:27','2019-03-11 08:04:27'),(54,54,0,0,0,0,NULL,'2019-03-11 08:40:58','2019-03-11 08:40:58'),(55,55,0,0,0,0,NULL,'2019-03-11 08:41:51','2019-03-11 08:41:51');
/*!40000 ALTER TABLE `gear_profiles` ENABLE KEYS */;
UNLOCK TABLES;

--
-- Table structure for table `gear_users`
--

DROP TABLE IF EXISTS `gear_users`;
/*!40101 SET @saved_cs_client     = @@character_set_client */;
/*!40101 SET character_set_client = utf8 */;
CREATE TABLE `gear_users` (
  `id` int(10) unsigned NOT NULL AUTO_INCREMENT,
  `gear_id` int(11) NOT NULL,
  `user_id` int(11) NOT NULL,
  `type` varchar(255) COLLATE utf8mb4_unicode_ci NOT NULL,
  `have_comment` text COLLATE utf8mb4_unicode_ci,
  `point` tinyint(4) DEFAULT NULL,
  PRIMARY KEY (`id`),
  UNIQUE KEY `gear_users_gear_id_user_id_type_unique` (`gear_id`,`user_id`,`type`)
) ENGINE=InnoDB DEFAULT CHARSET=utf8mb4 COLLATE=utf8mb4_unicode_ci;
/*!40101 SET character_set_client = @saved_cs_client */;

--
-- Dumping data for table `gear_users`
--

LOCK TABLES `gear_users` WRITE;
/*!40000 ALTER TABLE `gear_users` DISABLE KEYS */;
/*!40000 ALTER TABLE `gear_users` ENABLE KEYS */;
UNLOCK TABLES;

--
-- Table structure for table `gears`
--

DROP TABLE IF EXISTS `gears`;
/*!40101 SET @saved_cs_client     = @@character_set_client */;
/*!40101 SET character_set_client = utf8 */;
CREATE TABLE `gears` (
  `id` int(10) unsigned NOT NULL AUTO_INCREMENT,
  `brand_id` int(11) NOT NULL,
  `genre_id` int(11) DEFAULT NULL,
  `name` varchar(255) COLLATE utf8mb4_unicode_ci NOT NULL,
  `discription` text COLLATE utf8mb4_unicode_ci NOT NULL,
  `gear_image` varchar(255) COLLATE utf8mb4_unicode_ci NOT NULL,
  `site_url` varchar(255) COLLATE utf8mb4_unicode_ci DEFAULT NULL,
  `deleted_at` timestamp NULL DEFAULT NULL,
  `created_at` timestamp NULL DEFAULT NULL,
  `updated_at` timestamp NULL DEFAULT NULL,
  PRIMARY KEY (`id`)
) ENGINE=InnoDB AUTO_INCREMENT=56 DEFAULT CHARSET=utf8mb4 COLLATE=utf8mb4_unicode_ci;
/*!40101 SET character_set_client = @saved_cs_client */;

--
-- Dumping data for table `gears`
--

LOCK TABLES `gears` WRITE;
/*!40000 ALTER TABLE `gears` DISABLE KEYS */;
INSERT INTO `gears` VALUES (1,244,10,'BaseBall Cap','KAVU(カブー)ベースボールキャップはコットン素材のKAVUの頭文字「K」があしらわれた、ヴィンテージテイストキャップです。ツバが短めのディテールは、 ツバを前にしても後ろにしても被りやすいのが特徴です。\r\n\r\nサイズ：55～61 cm\r\n素材：コットン100%','gear_images/98QUPzf9AHxliHcJ9lrZcrtHFRW8ytlfK0p5sKrd.jpeg','http://www.kavu.jp/product/headwear/all/',NULL,'2019-03-08 11:33:11','2019-03-08 11:33:11'),(2,244,10,'Chillba','KAVU カブー チルバはこれぞKAVU（カブー）ならではの色使いとユニークなデザインの日よけハット！太陽の光から身体全体を守ってくれるので川遊びに、日差しの強い暑い夏のマストアイテムです。DWRナイロンを使用し、クローズドセルフォームが組み込まれているので水に浮きます。また、サイズ調節付きのあご紐でしっかり固定できますので、風の強い日でも飛ばされてしまう心配がありません。ソフトなフォームを使用しているので、折りたたむこともできます。\r\n\r\nサイズ：フリーサイズ(55cm～60cm　内側で調節可能)\r\n素材：ポリエステル100％\r\n生産国：アメリカ製','gear_images/YYTcRhJuipDjUI4ahiAHCEdN3D3Ob4ltKKIHxSuD.jpeg','http://www.kavu.jp/product/headwear/all/',NULL,'2019-03-08 11:36:21','2019-03-08 11:36:21'),(3,244,10,'FL Strap Cap','サイズ : 1sz\r\nカラー : Citrus Orange,Dark Navy,Grey\r\n素材 : 100% Cotton','gear_images/WX70A0q8B41DUSply20lb6yXhhI6PDTUWGfv43KT.jpeg','http://www.kavu.jp/product/headwear/all/',NULL,'2019-03-08 11:44:41','2019-03-08 11:44:41'),(4,244,10,'Strap Bucket Hat','\"KAVU(カブー)ストラップバケットハットは人気の10ozキャンバスを使った日本別注ハットです。定番のストラップのデザインとコットンキャンバス素材がアイコニックな魅力のアイテムで、長い間様々なアウトドアユーザーにご支持をいただいているハットです。使い込むほどに味の出るコットンキャンバス素材で、色褪せも長年愛用したジーンズのように付きあっていけるハットです。調節可能なコードロック付きのあご紐で風にハットを飛ばされることもありません。\r\n\r\nサイズ：S、L\r\n素材：キャンバスコットン100%\r\n生産国：アメリカ製\"','gear_images/d0QJtf4V3gitRmqFJcKayme5N0DhCN5NgnwoxHnR.jpeg','http://www.kavu.jp/product/headwear/all/',NULL,'2019-03-08 11:51:25','2019-03-08 11:51:25'),(5,244,10,'Strapcap','\"KAVU カブー ストラップキャップは縁に付いたアジャスタブルウェビングテープによりサイズ調節ができ、USカヌー&カヤックチームに採用されているコットンキャンバスキャップです。\r\n\r\nメイン素材: 綿\r\n素材構成: キャンバスコットン100%\r\nサイズ:56~58cm\r\n素材:キャンバスコットン100%\"','gear_images/qp2dzDEOsR4ZUwQFOUUgLW2BBWMNWGHznU2DanB8.jpeg','http://www.kavu.jp/product/headwear/all/',NULL,'2019-03-08 11:53:05','2019-03-08 11:53:05'),(6,244,10,'Synthetic Strapcap','\"KAVU カブー シンセティックキャップは軽量で速乾性に大変優れている、シンセティック素材のKAVU（カブー）定番のシンセティックストラップキャップです。KAVU（カブー）スタイルのイージーさと使いやすさを持ち合わせ、人気のKavuナイロンのウェービングが付いています。\r\n\r\n素材: ナイロン100％\r\nサイズ: S,M,L\"','gear_images/cESGjmrGCI7QyFwVBB7TzqRPXHlyGj5rJ2pjKPLV.jpeg','http://www.kavu.jp/product/headwear/all/',NULL,'2019-03-08 11:54:12','2019-03-08 11:54:12'),(7,244,10,'Trailrunner','\"KAVU カブー トレイルランナーはポリエステル100％で作られた通気性の良いアクティブな方に向けたスポーツキャップです。中間部分にはメッシュ素材を素材を採用して通気性能をアップしています。また、ストラップキャップと同様にサイズ調整が可能です。\r\n\r\nサイズ： M,L\r\n素　材：ポリエステル100％\"','gear_images/Zq9Cg5jTWDrqwI2vNRJcXecgFEmbGry5A9Ga6KlO.jpeg','http://www.kavu.jp/product/headwear/all/',NULL,'2019-03-08 11:56:57','2019-03-08 11:56:57'),(8,385,3,'HK500','\"長年にわたり世界で最も知られている圧力式灯油ランタンです。\r\n200 以上の細かなパーツから構成され、その美しく完成された姿は世界のランタン愛好家から絶大なる支持を得ています。\r\n\r\n●サイズ/φ 17 × 40cm\r\n●本体重量/ 2.4kg\r\n●タンク容量/1L\r\n●燃焼時間/約8 時間\r\n●明るさ/ 500CP(約400W)\r\n●カラー/ ニッケル、ブラス\"','gear_images/Bbh8VThoE24LL3R2FM9QtcjMXS0ZMmT26nTDRIx4.jpeg','https://www.star-corp.co.jp/product/detail10022.html',NULL,'2019-03-08 12:04:48','2019-03-08 12:04:48'),(9,390,2,'2245ランタン','\"使用マントル：IP-8052N（マントルＡ）\r\n照度：約370ルクス（Tガス使用時）\r\nガス消費量：30g/h\r\n燃焼時間：約8時間（IP-250タイプガス使用時）\r\n本体サイズ：8.3×8.3×12.7cm\r\n本体重量：200g\"','gear_images/P1NJwQ3ILpDoAplv6LwNXqBuyoeUP47nFmNKU0PI.jpeg','http://www.iwatani-primus.co.jp/products/primus/products/lanterns/ip2245a_s.html',NULL,'2019-03-08 12:07:55','2019-03-08 12:07:55'),(10,68,NULL,'COMPACT ST TABLE (L) walnut mix','\"生産：日本（岐阜）\r\n\r\nサイズ	使用時：507mm×699mm×263mm\r\n収納時：507mm×699mm×48mm\r\n素材	ナチュラルウッド（タモ、ウォルナット）\r\n重さ	3.09kg\r\n耐荷重量	20kg\"','gear_images/zx2yhY9ZEfRcSG2NUSjkxl9kBM14X7Cv92AUT414.jpeg','https://camp-mania.com/2018/09/11852.html',NULL,'2019-03-10 08:06:46','2019-03-10 08:06:46'),(11,445,NULL,'アメニティドームＳ','\"重量:5kg\r\n収納サイズ:58×18×23（h）cm\r\n\r\n■セット内容\r\nテント本体、本体フレーム長（×3）、前室フレーム（×1）、ジュラルミンペグ（17cm×18）、自在付ロープ（2.5m×4、2又4m×2）、リペアパイプ、キャリーバッグ、フレームケース、ペグケース\r\n\r\n■特長\r\n高品質のスペックでありながら、お求め易い価格帯。入門用テントとして圧倒的な人気を誇る、スノーピークの超ベストセラーテント。\r\n\r\n[仕様]\r\n● セット内容：テント本体、本体フレーム長（×3）、前室フレーム（×1）、ジュラルミンペグ（17cm×18）、自在付ロープ（2.5m×4、2又4m×2）、リペアパイプ、キャリーバッグ、フレームケース、ペグケース \r\n● 材質：フライシート／75Dポリエステルタフタ・PUコーティング耐水圧1,800mmミニマム・テフロン撥水加工・UVカット加工、インナーウォール／ 68Dポリエステルタフタ、ボトム／210Dポリエステルオックス・PUコーティング耐水圧1,800mmミニマム・テフロン撥水加工、フレーム／ジュラルミンA7001＋A6061（φ9.3mm＋φ8.5mm） \r\n● キャリーバッグサイズ：58×18×23（h）cm \r\n● 重量：5kg \r\n● 対応人数:3名\"','gear_images/974oBa03FnraXpN2Q4iXmfNYdwahz2v7H7BkxgVp.jpeg','https://ec.snowpeak.co.jp/snowpeak/ja/%E3%82%AD%E3%83%A3%E3%83%B3%E3%83%97/%E3%83%86%E3%83%B3%E3%83%88/%E3%82%A2%E3%83%A1%E3%83%8B%E3%83%86%E3%82%A3%E3%83%89%E3%83%BC%E3%83%A0%EF%BC%B3/p/121328',NULL,'2019-03-11 02:53:58','2019-03-11 02:53:58'),(12,445,NULL,'アメニティドームM','\"重量:8kg\r\n収納サイズ:74×22×25（h）cm\r\n\r\n■セット内容\r\nテント本体、本体フレーム長（×3）、前室フレーム（×1）、ジュラルミンペグ（17cm×18）、自在付ロープ（1.4m×2、2.5m×2、2又5m×2）、リペアパイプ、キャリーバッグ、フレームケース、ペグケース\r\n\r\n■特長\r\n高品質のスペックでありながら、お求め易い価格帯。入門用テントとして圧倒的な人気を誇る、スノーピークの超ベストセラーテント。\r\n\r\n[仕様]\r\n● セット内容：テント本体、本体フレーム長（×3）、前室フレーム（×1）、ジュラルミンペグ（17cm×18）、自在付ロープ（1.4m×2、2.5m×2、2又5m×2）、リペアパイプ、キャリーバッグ、フレームケース、ペグケース \r\n● 材質：フライシート／75Dポリエステルタフタ・PUコーティング耐水圧1,800mmミニマム・テフロン撥水加工・UVカット加工、インナーウォール／68Dポリエステルタフタ、ボトム／210Dポリエステルオックス・PUコーティング耐水圧1,800mmミニマム、フレーム／ジュラルミンA7001＋A6061（φ12.8mm＋φ12mm・前室φ11.8mm＋φ12mm） \r\n● キャリーバッグサイズ：74×22×25（h）cm \r\n● 重量：8kg \r\n● 対応人数:5名\"','gear_images/nBIq8fA8NygHmqZ0k3sD6RRKYoPPpmqF60zAEpfb.jpeg','https://ec.snowpeak.co.jp/snowpeak/ja/%E3%82%AD%E3%83%A3%E3%83%B3%E3%83%97/%E3%83%86%E3%83%B3%E3%83%88/%E3%82%A2%E3%83%A1%E3%83%8B%E3%83%86%E3%82%A3%E3%83%89%E3%83%BC%E3%83%A0M/p/121327',NULL,'2019-03-11 02:55:26','2019-03-11 02:55:26'),(13,445,NULL,'アメニティドームL','\"重量:9.8kg\r\n収納サイズ:73×23×27（h）cm\r\n\r\n■セット内容\r\nテント本体、本体フレーム長（×3）、前室フレーム（×1）、ジュラルミンペグ（17cm×18）、自在付ロープ（1.4m×2、2.5m×2、2又5m×2）、リペアパイプ、キャリーバッグ、フレームケース、ペグケース\r\n\r\n■特長\r\n高品質のスペックでありながら、お求め易い価格帯。入門用テントとして圧倒的な人気を誇る、スノーピークの超ベストセラーテント。\r\n\r\n[仕様]\r\n● セット内容：テント本体、本体フレーム長（×3）、前室フレーム（×1）、ジュラルミンペグ（17cm×18）、自在付ロープ（1.4m×2、2.5m×2、2又5m×2）、リペアパイプ、キャリーバッグ、フレームケース、ペグケース \r\n● 材質：フライシート／75Dポリエステルタフタ・PUコーティング耐水圧1,800mmミニマム・テフロン撥水加工・UVカット加工、インナーウォール／68Dポリエステルタフタ、ボトム／210Dポリエステルオックス・PUコーティング耐水圧1,800mmミニマム、フレーム／ジュラルミンA7001＋A6061（φ12mm＋φ13mm＋φ14.5mm） \r\n● キャリーバッグサイズ：73×23×27（h）cm \r\n● 重量：9.8kg \r\n● 対応人数:6名\"','gear_images/TmcRZeGhYUNh98qQlNnM938Y4CYmIjXQUVYsbgle.jpeg','https://ec.snowpeak.co.jp/snowpeak/ja/%E3%82%AD%E3%83%A3%E3%83%B3%E3%83%97/%E3%83%86%E3%83%B3%E3%83%88/%E3%82%A2%E3%83%A1%E3%83%8B%E3%83%86%E3%82%A3%E3%83%89%E3%83%BC%E3%83%A0L/p/121329',NULL,'2019-03-11 02:56:32','2019-03-11 02:56:32'),(14,445,NULL,'ヴォールト','\"[重量]\r\n 7.9kg\r\n\r\n[収納サイズ]\r\n 60×23×23（h）cm\r\n\r\n[セット内容]\r\nテント本体、フレーム長（×1）、フ レーム短（×2）、ジュラルミンペグ（×28）、自 在付ロープ（2.5m×10、3.5m×6） 、リペア パイプ（×1）、キャリーバッグ、フレームケース、 ペグケース\r\n\r\n\r\n[仕様]\r\n● 材質：本体／75Dポリエステルタフタ、PUコーティング耐水圧1,800mmミニマム・テフロン加工、UV加工・インナーテント／68Dポリエステルタフタ、ボトム／210Dポリエステルオックス、PUコーティング耐水圧1,800mmミニマム・フレーム／A6061（φ13mm） \r\n● セット内容／テント本体、フレーム長（×1）、フレーム短（×2）、ジュラルミンペグ（×28）、自在付ロープ（2.5m×10、3.0m×6） 、リペアパイプ（×1）、キャリーバッグ、フレームケース、ペグケース \r\n● キャリーバッグサイズ：60×23×23（h）cm\"','gear_images/iKCA3y92xvpFdFdqCSkWqrnHYzWT2JULSpOwo1r1.jpeg','https://ec.snowpeak.co.jp/snowpeak/ja/%E3%82%AD%E3%83%A3%E3%83%B3%E3%83%97/%E3%83%86%E3%83%B3%E3%83%88/%E3%83%B4%E3%82%A9%E3%83%BC%E3%83%AB%E3%83%88/p/121239',NULL,'2019-03-11 03:07:51','2019-03-11 03:07:51'),(15,445,NULL,'60周年記念 ドックドーム Pro.6','[収納サイズ]\r\n70×32×28（h）cm\r\n\r\n[セット内容]\r\nテント本体、本体フレーム（×4）、前室フレーム（×1）、ジュラピンペグ（17cm×20）、自在付ロープ（2.5ｍ×6、2.0ｍ×2）、シームグリップ剤、リペアパイプ、キャリーバッグ、フレームケース、ペグケース、取扱説明書\r\n\r\n[仕様]\r\n●セット内容：テント本体、本体フレーム（×4）、前室フレーム（×1）、ジュラピンペグ（17cm×20）、自在付ロープ（2.5ｍ×6、2.0ｍ×2）、シームグリップ剤、リペアパイプ、キャリーバッグ、フレームケース、ペグケース、取扱説明書\r\n●材質：フライシート／75Dポリエステルリップストップ・PUコーティング耐水圧1,800mmミニマム・テフロン撥水加工・UVカット加工、インナーウォール／75Dポリエステルリップストップ、ボトム／300Dポリエステルオックス・PUコーティング耐水圧10,000mmミニマム、フレーム／ジュラルミンA7001（φ11mm）\r\n● キャリーバッグサイズ：70×32×28（h）cm \r\n●カラー：グレー','gear_images/wvoF0eS8NDGuoY10bkIA2kz3iYQ8SL87rlBoLpmn.jpeg','https://ec.snowpeak.co.jp/snowpeak/ja/%E3%82%AD%E3%83%A3%E3%83%B3%E3%83%97/%E3%83%86%E3%83%B3%E3%83%88/60%E5%91%A8%E5%B9%B4%E8%A8%98%E5%BF%B5-%E3%83%89%E3%83%83%E3%82%AF%E3%83%89%E3%83%BC%E3%83%A0-Pro-6/p/121238',NULL,'2019-03-11 03:10:11','2019-03-11 03:10:11'),(16,445,NULL,'60周年記念 アメニティドーム Pro.M','スノーピーク60周年記念のアメニティドーム Pro.Mです。\r\n\r\n[収納サイズ]\r\n74×22×25（h）cm\r\n\r\n[セット内容]\r\nテント本体、本体フレーム長（×3）、前室フレーム（×1）、ジュラルミンペグ（17cm×18）、自在付ロープ（1.4ｍ×2、2.5m×2、2又5m×2）、リペアパイプ、キャリーバッグ、フレームケース、ペグケース、取扱説明書\r\n\r\n\r\n[仕様]\r\n●材質：フライシート／75Dポリエステルリップストップ・PUコーティング耐水圧1,800mmミニマム・テフロン撥水加工・UVカット加工、インナーウォール／75Dポリエステルリップストップ、ボトム／300Dポリエステルオックス・PUコーティング耐水圧10,000mmミニマム、フレーム／ジュラルミンA7001＋A6061（φ12.8mm＋φ12mm・前室φ11.8mm+φ12mm）\r\n●セット内容：テント本体、本体フレーム長（×3）、前室フレーム（×1）、ジュラルミンペグ（17cm×18）、自在付ロープ（1.4ｍ×2、2.5m×2、2又5m×2）、リペアパイプ、キャリーバッグ、フレームケース、ペグケース、取扱説明書 \r\n●キャリーバッグサイズ：74×22×25（h）cm','gear_images/IzvclrXo9v2XfilvvlyghPAxQOdWK3ba5QtFH49T.jpeg','https://ec.snowpeak.co.jp/snowpeak/ja/%E3%82%AD%E3%83%A3%E3%83%B3%E3%83%97/%E3%83%86%E3%83%B3%E3%83%88/60%E5%91%A8%E5%B9%B4%E8%A8%98%E5%BF%B5-%E3%82%A2%E3%83%A1%E3%83%8B%E3%83%86%E3%82%A3%E3%83%89%E3%83%BC%E3%83%A0-Pro-M/p/121241',NULL,'2019-03-11 03:14:14','2019-03-11 03:14:14'),(17,445,NULL,'ドックドーム Pro.6','Dock Dome Pro.6\r\n\r\n[サイズ]\r\n490×325×180（h）cm\r\n\r\n[重量]\r\n12.8kg\r\n\r\n[収納サイズ]\r\n70×32×28（h）cm\r\n\r\n[セット内容]\r\nテント本体、本体フレーム（×4）、前室フレーム（×1）、ジュラルミンペグ（17cm×20）、自在付ロープ（2.5m×6、2.0m×2）、シームグリップ剤、リペアパイプ、キャリーバッグ、フレームケース、ペグケース\r\n\r\n[仕様]\r\n●セット内容：テント本体、本体フレーム（×4）、前室フレーム（×1）、ジュラルミンペグ（17cm×20）、自在付ロープ（2.5m×6、2.0m×2）、シームグリップ剤、リペアパイプ、キャリーバッグ、フレームケース、ペグケース \r\n●材質：フライシート／75Dポリエステルタフタ・PUコーティング耐水圧1,800mmミニマム・テフロン撥水加工・UVカット加工、インナーウォール／75Dポリエステルリップストップ、ボトム／300Dポリエステルオックス・PUコーティング耐水圧10,000mmミニマム、フレーム／ジュラルミンA7001（φ11mm） \r\n● インナーテントサイズ：300×300×155（h）cm \r\n● 室内高：160cm\r\n● キャリーバッグサイズ：70×32×28（h）cm \r\n●  UVカット加工：〇\r\n● 対応人数:6名','gear_images/7ZNtOomPdUZNrKXcsM4yVQTa7dZ54woKteYZ9VW4.jpeg','https://ec.snowpeak.co.jp/snowpeak/ja/%E3%82%AD%E3%83%A3%E3%83%B3%E3%83%97/%E3%83%86%E3%83%B3%E3%83%88/%E3%83%89%E3%83%83%E3%82%AF%E3%83%89%E3%83%BC%E3%83%A0-Pro-6-%5B6%E4%BA%BA%E7%94%A8%5D/p/10000',NULL,'2019-03-11 03:21:41','2019-03-11 03:21:41'),(18,445,NULL,'ラゴ Pro.air 1','[重量]\r\nメインフレーム有／950g（ケース・ペグ含まず）、メインフレーム無／800g（ケース・ペグ含まず）\r\n\r\n[収納サイズ]\r\nφ14×33cm\r\n\r\n[セット内容]\r\nテント本体、コの字フレーム（×1）、メインフレーム（×2）、サブフレーム（×1）、ジュラルミンペグ（×9）、自在付ロープ（×2）\r\n\r\n[仕様]\r\n●セット内容：テント本体、コの字フレーム（×1）、メインフレーム（×2）、サブフレーム（×1）、ジュラルミンペグ（×9）、自在付ロープ（×2） \r\n●材質：フライシート／20Dシリコンポリエステルミニリップストップ・PUコーティング耐水圧1,500mmミニマム、インナーウォール／20Dポリエステルミニリップストップ、ボトム／30Dナイロンリップストップ・PUコーティング耐水圧1,500mmミニマム、フレーム／ジュラルミンA7001（φ9.5mm） \r\n●収納サイズ／φ14×33cm \r\n●対応人数:1名','gear_images/UOsrNFTHxOTedztvNCl1jDN6Gu7nczwjvLxnxaSl.jpeg','https://ec.snowpeak.co.jp/snowpeak/ja/%E3%82%AD%E3%83%A3%E3%83%B3%E3%83%97/%E3%83%86%E3%83%B3%E3%83%88/%E3%83%A9%E3%82%B4-Pro-air-%EF%BC%91/p/121243',NULL,'2019-03-11 03:29:29','2019-03-11 03:29:29'),(19,445,NULL,'ランドブリーズ2','Landbreeze2\r\n\r\n[サイズ]\r\n225×165×127（h）cm\r\n室内高 : 127cm\r\n\r\n[重量]\r\n5.5kg\r\n\r\n[収納サイズ]\r\n60×18×23（h）cm\r\n\r\n[セット内容]\r\nテント本体、本体フレーム長（×2）、本体フレーム短（×1）、前室フレーム（×1）、ジュラルミンペグ（17cm×16）、自在付ロープ（2m×4、2又4m×2）、シームシーリング剤、リペアパイプ、キャリーバッグ、フレームケース、ペグケース\r\n\r\n[仕様]\r\n●セット内容：テント本体、本体フレーム長（×2）、本体フレーム短（×1）、前室フレーム（×1）、ジュラルミンペグ（17cm×16）、自在付ロープ（2m×4、2又4m×2）、シームシーリング剤、リペアパイプ、キャリーバッグ、フレームケース、ペグケース \r\n● 材質：フライシート／75Dポリエステルタフタ・PUコーティング耐水圧1,800mmミニマム・テフロン撥水加工・UVカット加工、マッドスカート／210Dポリエステルオックス・PUコーティング、インナーウォール／68Dポリエステルタフタ、ボトム／210Dポリエステルオックス・PUコーティング耐水圧1,800mmミニマム、フレーム／ジュラルミンA7001（φ11mm・φ9mm） \r\n●キャリーバッグサイズ／60×18×23（h）cm \r\n● UVカット加工 〇\r\n● 対応人数:2名','gear_images/mmrDD878yYfKzQFEQWFXGmbUYisclEjnwpPvUJNC.jpeg','https://ec.snowpeak.co.jp/snowpeak/ja/%E3%82%AD%E3%83%A3%E3%83%B3%E3%83%97/%E3%83%86%E3%83%B3%E3%83%88/%E3%83%A9%E3%83%B3%E3%83%89%E3%83%96%E3%83%AA%E3%83%BC%E3%82%BA2-%5B2%E4%BA%BA%E7%94%A8%5D/p/18768',NULL,'2019-03-11 03:34:07','2019-03-11 03:34:07'),(20,445,NULL,'ランドブリーズ4','Landbreeze4\r\n\r\n[サイズ]\r\n260×220×132（h）cm\r\n室内高 : 132cm\r\n\r\n[重量]\r\n6.9kg\r\n\r\n[収納サイズ]\r\n75×22×26（h）cm\r\n\r\n[セット内容]\r\nテント本体、本体メインフレーム（×1）、本体Wクロスフレーム（×2）、前室フレーム（ × 1 ）、ジュラルミンペグ（17cm×18）、自在付ロープ（2m×3、2.5m×2、2又4m×2）、シームシーリング剤、リペアパイプ、キャリーバッグ、フレームケース、ペグケース\r\n\r\n[仕様]\r\n● セット内容：テント本体、本体メインフレーム（×1）、本体Wクロスフレーム（×2）、前室フレーム（ × 1 ）、ジュラルミンペグ（17cm×18）、自在付ロープ（2m×3、2.5m×2、2又4m×2）、シームシーリング剤、リペアパイプ、キャリーバッグ、フレームケース、ペグケース \r\n● 材質：フライシート／75Dポリエステルタフタ・PUコーティング耐水圧1,800mmミニマム・テフロン撥水加工・UVカット加工、マッドスカート／210Dポリエステルオックス・PUコーティング、インナーウォール／68Dポリエステルタフタ、ボトム／210Dポリエステルオックス・PUコーティング耐水圧1,800mmミニマム、フレーム／ジュラルミンA7001（φ11mm・φ9mm） \r\n● UVカット加工 〇\r\n● キャリーバッグサイズ：75×22×26（h）cm \r\n● 対応人数:4名','gear_images/NdCBNb3OQnY13Qg11yUIqsKZChtBaE96janClnb9.jpeg','https://ec.snowpeak.co.jp/snowpeak/ja/%E3%82%AD%E3%83%A3%E3%83%B3%E3%83%97/%E3%83%86%E3%83%B3%E3%83%88/%E3%83%A9%E3%83%B3%E3%83%89%E3%83%96%E3%83%AA%E3%83%BC%E3%82%BA4-%5B4%E4%BA%BA%E7%94%A8%5D/p/18770',NULL,'2019-03-11 03:40:39','2019-03-11 03:40:39'),(21,445,NULL,'ランドブリーズ6','Landbreeze6\r\n\r\n[サイズ]\r\n300×300×162（h）cm\r\n室内高 : 162cm\r\n\r\n[重量]\r\n9.8kg\r\n\r\n[収納サイズ]\r\n75×23×27（h）cm\r\n\r\n[セット内容]\r\nテント本体、本体フレーム短（×2）、本体フレーム長（×2）、前室フレーム（×1）、ジュラルミンペグ（17cm×22）、自在付ロープ（2m×2、2.5m×4、2又5m×2）、シームシーリング剤、リペアパイプ、キャリーバッグ、フレームケース、ペグケース\r\n\r\n[仕様]\r\n● セット内容：テント本体、本体フレーム短（×2）、本体フレーム長（×2）、前室フレーム（×1）、ジュラルミンペグ（17cm×22）、自在付ロープ（2m×2、2.5m×4、2又5m×2）、シームシーリング剤、リペアパイプ、キャリーバッグ、フレームケース、ペグケース \r\n● 材質：フライシート／75Dポリエステルタフタ・PUコーティング耐水圧1,800mmミニマム・テフロン撥水加工・UVカット加工、マッドスカート／210Dポリエステルオックス・PUコーティング、インナーウォール／68Dポリエステルタフタ、ボトム／210Dポリエステルオックス・PUコーティング耐水圧1,800mmミニマム、フレーム／ジュラルミンA7001（φ11mm・φ9mm） \r\n● UVカット加工〇\r\n● キャリーバッグサイズ：75×23×27（h）cm \r\n● 対応人数:6名','gear_images/BQi84xxuIIBnIklnFqiKNlh1wVbNeXI9LjEuAzXN.jpeg','https://ec.snowpeak.co.jp/snowpeak/ja/%E3%82%AD%E3%83%A3%E3%83%B3%E3%83%97/%E3%83%86%E3%83%B3%E3%83%88/%E3%83%A9%E3%83%B3%E3%83%89%E3%83%96%E3%83%AA%E3%83%BC%E3%82%BA6-%5B6%E4%BA%BA%E7%94%A8%5D/p/18772',NULL,'2019-03-11 03:44:50','2019-03-11 03:44:50'),(22,445,NULL,'ファル Pro.air 2','FAL Pro. Air 2\r\n\r\n[サイズ]\r\n210×130×100(h)cm\r\n\r\n[重量]\r\n1,710g(本体・フレームのみ)\r\n\r\n[収納サイズ]\r\n本体ケース／φ17×33cm、フレームケース／11×50cm\r\n\r\n[セット内容]\r\nテント本体、本体フレーム（×2）、自在付きロープ（2.9m×4）、ジュラルミンV型ペグ（×10）、リペアパイプ、本体ケース、フレームケース、ペグケース\r\n\r\n[仕様]\r\n●セット内容：テント本体、本体フレーム（×2）、自在付きロープ（2.9m×4）、ジュラルミンV型ペグ（×10）、リペアパイプ、本体ケース、フレームケース、ペグケース \r\n● 材質：フライシート／20Dシリコンポリエステルミニリップストップ・PUコーティング耐水圧1,500mm、インナーウォール／20Dポリエステルミニリップストップ、ボトム／30Dナイロンリップストップ・PUコーティング耐水圧1,500mm、フレーム／ジュラルミンA7001（φ9mm） \r\n● 収納ケースサイズ：φ17×33cm（本体ケース）、11×50cm（フレームケース） \r\n● 対応人数:2名','gear_images/SJZIglaoLdvBDxJQHfT1ZyNRtvTudPb3IjSRoifI.jpeg','https://ec.snowpeak.co.jp/snowpeak/ja/%E3%82%AD%E3%83%A3%E3%83%B3%E3%83%97/%E3%83%86%E3%83%B3%E3%83%88/%E3%83%95%E3%82%A1%E3%83%AB-Pro-air-2/p/26263',NULL,'2019-03-11 03:54:20','2019-03-11 03:54:20'),(23,445,NULL,'ファル Pro.air 3','FAL Pro. Air 3\r\n\r\n[サイズ]\r\n210×150×103(h)cm\r\n\r\n[重量]\r\n1,920g(本体・フレームのみ)\r\n\r\n[収納サイズ]\r\n本体ケース／φ17×35cm、フレームケース／11×51cm\r\n\r\n[セット内容]\r\nテント本体、本体フレーム（×2）、自在付きロープ（2.9m×4）、ジュラルミンV型ペグ（×11）、リペアパイプ、本体ケース、フレームケース、ペグケース\r\n\r\n[仕様]\r\n● セット内容：テント本体、本体フレーム（×2）、自在付きロープ（2.9m×4）、ジュラルミンV型ペグ（×11）、リペアパイプ、本体ケース、フレームケース、ペグケース \r\n● 材質：フライシート／20Dシリコンポリエステルミニリップストップ・P Uコーティング耐水圧1,500mm、インナーウォール／20Dポリエステルミニリップストップ、ボトム／30Dナイロンリップストップ・PUコーティング耐水圧1,500mm、フレーム／ジュラルミンA7001（φ9mm） \r\n● 収納ケースサイズ：φ17×35cm（本体ケース）、11×51cm（フレームケース） \r\n● 対応人数:3名','gear_images/OYF14UbhqU1lDp10Q6dsDS6U8U3DbWbpCcSr0VMi.jpeg','https://ec.snowpeak.co.jp/snowpeak/ja/%E3%82%AD%E3%83%A3%E3%83%B3%E3%83%97/%E3%83%86%E3%83%B3%E3%83%88/%E3%83%95%E3%82%A1%E3%83%AB-Pro-air-3/p/26264',NULL,'2019-03-11 03:57:25','2019-03-11 03:57:25'),(24,445,NULL,'ファル Pro.air 4','FAL Pro.Air 4\r\n\r\n[サイズ]\r\n210×210×113(h)cm\r\n\r\n[重量]\r\n2,230g(本体・フレームのみ)\r\n\r\n[収納サイズ]\r\n本体ケース／φ17×43cm、フレームケース／13×51cm\r\n\r\n[セット内容]\r\nテント本体、本体フレーム（×2）、自在付きロープ（2.9m×4）、ジュラルミンV型ペグ（×11）、リペアパイプ、本体ケース、フレームケース、ペグケース\r\n\r\n[仕様]\r\n● セット内容：テント本体、本体フレーム（×2）、自在付きロープ（2.9m×4）、ジュラルミンV型ペグ（×11）、リペアパイプ、本体ケース、フレームケース、ペグケース \r\n● 材質：フライシート／20Dシリコンポリエステルミニリップストップ・PUコーティング耐水圧1,500mm、インナーウォール／20Dポリエステルミニリップストップ、ボトム／30Dナイロンリップストップ・PUコーティング耐水圧1,500mm、フレーム／ジュラルミンA7001（φ9.5mm） \r\n● 収納ケースサイズ：φ17×43cm（本体ケース）、13×51cm（フレームケース） \r\n● 対応人数:4名','gear_images/TyIweM3cJ3CheH8OBCArP72KS25kj5rzAugDKNPR.jpeg','https://ec.snowpeak.co.jp/snowpeak/ja/%E3%82%AD%E3%83%A3%E3%83%B3%E3%83%97/%E3%83%86%E3%83%B3%E3%83%88/%E3%83%95%E3%82%A1%E3%83%AB-Pro-air-4/p/26282',NULL,'2019-03-11 04:01:19','2019-03-11 04:01:19'),(25,445,NULL,'ドックドーム Pro.6 アイボリー','Dock Dome Pro.6 Ivory\r\n\r\n[サイズ]\r\n290×290×155(h)cm\r\n\r\n[重量]\r\n13.5Kg\r\n\r\n[収納サイズ]\r\n70×32×28(h)cm\r\n\r\n[セット内容]\r\nテント本体、ルーフシート、本体フレーム（×4）、前室フレーム（×1）、ジュラルミンペグ（×20）、自在付ロープ（2.5m×6、2m×2）、シームグリップ剤、リペアパイプ、キャリーバッグ、フレームケース、ペグケース\r\n\r\n[仕様]\r\n● セット内容：テント本体、ルーフシート、本体フレーム（×4）、前室フレーム（×1）、ジュラルミンペグ（×20）、自在付ロープ（2.5m×6、2m×2）、シームグリップ剤、リペアパイプ、キャリーバッグ、フレームケース、ペグケース \r\n● 材質：フライシート／75Dポリエステルタフタ・P Uコーティング耐水圧1,800mmミニマム・テフロン撥水加工・UVカット加工、ルーフシート／75Dポリエステルタフタ・PUコーティング耐水圧1,800mmミニマム・UVカット加工、インナーウォール／75Dポリエステルリップストップ、ボトム／300Dポリエステルオックス・PUコーティング耐水圧10,000mmミニマム、フレーム／ジュラルミンA7001（φ11mm） \r\n● インナーテントサイズ：300×300×155（h）cm ● キャリーバッグサイズ：70×32×28（h）cm \r\n● UVカット加工 ○\r\n● 対応人数:6名','gear_images/Qd9ohWqtqUPHjVDrIdRyRXWKCJfXTdRqyiyVKluV.jpeg','https://ec.snowpeak.co.jp/snowpeak/ja/%E3%82%AD%E3%83%A3%E3%83%B3%E3%83%97/%E3%83%86%E3%83%B3%E3%83%88/%E3%83%89%E3%83%83%E3%82%AF%E3%83%89%E3%83%BC%E3%83%A0-Pro-6-%E3%82%A2%E3%82%A4%E3%83%9C%E3%83%AA%E3%83%BC/p/26224',NULL,'2019-03-11 04:05:25','2019-03-11 04:05:25'),(26,445,NULL,'ヴァール Pro.air 4','Var Pro.Air 4\r\n\r\n[サイズ]\r\n560×346×175(h)mm\r\n\r\n[重量]\r\n11.5kg\r\n\r\n[収納サイズ]\r\n68×24×27（h）cm\r\n\r\n[セット内容]\r\n本体、メインフレーム（×2）、サブフレーム（×2）、前室フレーム（×2）、ジュラルミンペグ（×34）、自在付ロープ（2m×8、3m×4、2又6m×4）、シームグリップ剤、リペアパイプ、キャリーバッグ、フレームケース、ペグケース\r\n\r\n[仕様]\r\n●セット内容：本体、メインフレーム（×2）、サブフレーム（×2）、前室フレーム（×2）、ジュラルミンペグ（×34）、自在付ロープ（2m×8、3m×4、2又6m×4）、シームグリップ剤、リペアパイプ、キャリーバッグ、フレームケース、ペグケース \r\n● 材質：フライシート／50Dシリコンポリエステルリップストップ、PUコーティング耐水圧1,500mmミニマム（側部）、75Dシリコンポリエステルリップストップ・遮光ピグメントPUコーティング耐水圧1,500mmミニマム（天井部）、インナーウォール／75Dポリエステルリップストップ、ボトム／210Dポリエステルオックス・PUコーティング耐水圧1,800mmミニマム、フレーム／A7001（φ11mm）＋A6061（φ12.8mm） \r\n● キャリーバッグサイズ：68×24×27（h）cm \r\n●対応人数:4名','gear_images/5UIEDdYoZkIhLIO9lCKOCCazkjpIgUlI2Ya2YnL3.jpeg','https://ec.snowpeak.co.jp/snowpeak/ja/%E3%82%AD%E3%83%A3%E3%83%B3%E3%83%97/%E3%83%86%E3%83%B3%E3%83%88/%E3%83%B4%E3%82%A1%E3%83%BC%E3%83%AB-Pro-air-4/p/26259',NULL,'2019-03-11 04:09:32','2019-03-11 04:09:32'),(27,445,NULL,'エントリー２ルーム エルフィールド','ENTRY 2 ROOM ELFIELD\r\n\r\n[重量]\r\n15.5kg\r\n\r\n[収納サイズ]\r\nキャリーバッ グサイズ：83×30×34（h）cm\r\n\r\n[セット内容]\r\n本体、インナールーム、ルーフシート、フ レーム長（×1）、フレーム中（×2）、フレーム短（×1）、 リッジポール（×1）、ジュラルミンペグ（21cm×22）、自在 付ロープ（2.5m×8、1.5m×8）、キャリーバッグ、フレーム ケース、ペグケース\r\n\r\n[仕様]\r\n● 材質：本体／75Ｄポリエステルタフタ・PＵコーティング耐水圧1,800mmミニマム・UVカット加工・テフロン撥水加工、ルーフシート／75Dポリエステルタフタ・PUコーティング耐水圧1,800mmミニマム・UVカット加工・撥水加工、マッドスカート／210Dポリエステルオックス・PUコーティング、インナーウォール／68Dポリエステルタフタ、ボトム／210Dポリエステルオックス・PＵコーティング耐水圧1,800mmミニマム、フレーム／A6061（φ16mm+φ14.5mm）\r\n● 対応人 数:4名','gear_images/AWrZd65E8n0G8JRDwpDY6JsbpkMyTBPrsUxVwsKP.jpeg',NULL,NULL,'2019-03-11 05:03:26','2019-03-11 05:03:26'),(28,445,NULL,'リビングシェルロング Pro. アイボリー','[重量]\r\n20.2kg\r\n\r\n[収納サイズ]\r\nキャリーバッグサイズ：84×30×37（h）cm\r\n\r\n[セット内容]\r\n本体、ルーフシート、Ａフレーム（×2）、リッジポール（×1）、Ｃフレーム（×2）、テントフレーム（×1）、アップライトポール（190cm×2）、ジュラルミンペグ（21cm×26）、自在付きロープ（二又用7m×2、3.5m×4、リング付2ｍ×4）、シームグリップ剤、キャリーバッグ、フレームケース、ペグケース\r\n\r\n[仕様]\r\n● 材質：ルーフ部／150Dポリエステルオックス・PＵコーティング耐水圧1,800mmミニマム・UVカット加工・テフロン撥水加工、ウォール部／150Dポリエステルオックス・PUコーティング耐水圧1,800mmミニマム・UVカット加工・テフロン撥水加工、マッドスカート／210Dポリエステルオックス・PUコーティング、ルーフシート／75Dポリエステルタフタ・PUコーティング耐水圧1,800mmミニマム・UVカット加工・テフロン撥水加工、フレーム／A6061（φ16mm、φ19mm） \r\n● 対応人数:6名','gear_images/oux8WqQ45NwgzUGcx4cPMxnolfK7oB0Kcy9NwaFf.jpeg','https://ec.snowpeak.co.jp/snowpeak/ja/%E3%82%AD%E3%83%A3%E3%83%B3%E3%83%97/c/2010000?q=%3Acreationtime%3Acamp%3A2010030&text=',NULL,'2019-03-11 05:11:52','2019-03-11 05:11:52'),(29,445,NULL,'リビングシェルS','Living Shell S\r\n\r\n[重量]\r\n12kg\r\n\r\n[収納サイズ]\r\nキャリーバッグサイズ：73×27×26（h）cm\r\n\r\n[セット内容]\r\n本体、Aフレーム（×2）、リッジポール（×1）、C フレーム（×2）、アップライトポール（190cm×2）、ジュラルミンペグ（21cm×22）、三角ポケット（×2）、コンプレッションベルト（×2）、自在付きロープ（3.5m×6、リング付2m×4）、シームグリップ剤、キャリーバッグ、フレームケース、ペグケース\r\n\r\n[仕様]\r\n● 材質：ルーフ部／75Dポリエステルタフタ・遮光ピグメントPUコーティング耐水圧3,000mmミニマム・UVカット加工・テフロン撥水加工、ウォール部／75Dポリエステルタフタ・PUコーティング耐水圧1,800mmミニマム・UVカット加工・テフロン撥水加工、マッドスカート／210Dポリエステルオックス・PUコーティング、フレーム／A6061（φ16mm） \r\n● 対応人数:2名','gear_images/Yb6P1NuPE6bAkhOF97rKxbOjTMPFsdysqVf9FFU1.jpeg','https://ec.snowpeak.co.jp/snowpeak/ja/%E3%82%AD%E3%83%A3%E3%83%B3%E3%83%97/%E3%82%B7%E3%82%A7%E3%83%AB%E3%82%BF%E3%83%BC/%E3%83%AA%E3%83%93%E3%83%B3%E3%82%B0%E3%82%B7%E3%82%A7%E3%83%ABS/p/126428',NULL,'2019-03-11 05:17:28','2019-03-11 05:17:28'),(30,445,NULL,'リビングシェル S Pro.','Living Shell S Pro.\r\n\r\n2～3人での使用に最適な小型のリビングシェル。グレーカラー（サイドパネルの上部もグレー）・リップストップ生地仕様で復刻。 サイドウォールはありません（オプションもありません）。後部ドッキングシステム付き。\r\n\r\n\r\n[セット内容]\r\n本体、Ａフレーム（×2）、リッジポール（×1）、Ｃフレーム（×2）、アップライトポール(×2)、ジュラルミンペグ(21㎝×22)、三角ポケット(×2)、コンプレッションベルト（×2）、自在付きロープ（3.5ｍ×4、7ｍ×2、2ｍ×4）、シームシーリング剤、キャリーバッグ、フレームケース、ペグケース\r\n\r\n\r\n[仕様]\r\n●材質：ルーフ部／210Ｄポリエステルリップストップ・遮光ピグメント・PUコーティング耐水圧3,000㎜ミニマム・UVカット加工・テフロン撥水加工、 ウォール部／150Ｄポリエステルリップストップ・PUコーティング耐水圧1,800㎜ミニマム・UVカット加工・テフロン撥水加工、 マッドスカート／150Ｄポリエステルリップストップ・PUコーティング、 フレーム／A6061(φ16㎜)','gear_images/1QeSYhgN4EjQhi33arTGI0tTdbEUvrTDzCAwIjUp.jpeg','https://ec.snowpeak.co.jp/snowpeak/ja/%E3%82%AD%E3%83%A3%E3%83%B3%E3%83%97/%E3%82%B7%E3%82%A7%E3%83%AB%E3%82%BF%E3%83%BC/%E3%83%AA%E3%83%93%E3%83%B3%E3%82%B0%E3%82%B7%E3%82%A7%E3%83%AB-S-Pro-/p/124472',NULL,'2019-03-11 05:21:00','2019-03-11 05:21:00'),(31,445,NULL,'60周年記念 リビングシェル Pro.','スノーピーク60周年記念のリビングシェル Pro.です。\r\n\r\n[収納サイズ]\r\n76×28×33（h）cm（キャリーバッサイズ）\r\n\r\n[セット内容]\r\n本体、Aフレーム（×2）、Cフレーム（×2）、ジュラルミンペグ（21cm×22）、三角ポケット（×2）、コンプレッションベルト（×2）、自在付ロープ（3.5m×4、7m×2、2m×4）、シームシーリング剤、フレームケース、ペグケース、キャリーバッグ、アップライトポール（×2）、取扱説明書\r\n\r\n[仕様]\r\n●材質：本体／ルーフ部／210Ｄポリエステルリップストップ・遮光ピグメント・PUコーティング耐水圧3,000mmミニマム・UVカット加工・テフロン撥水加工、ウォール部／150Dポリエステルリップストップ・PUコーティング耐水圧1,800mmミニマム・UVカット加工・テフロン撥水加工、マッドスカート／150Dポリエステルリップストップ・PUコーティング、フレーム／A6061（φ16mm＋φ19mm）\r\n●セット内容：本体、Aフレーム（×2）、リッジポール（×1）、Cフレーム（×2）、ジュラルミンペグ（21cm×22）、三角ポケット（×2）、自在付ロープ（3.5m×4、7m×2、2m×4）、シームシーリング剤、フレームケース、ペグケース、キャリーバッグ、アップライトポール（×2）、取扱説明書','gear_images/r1l7DiXFByHZsls06GF3Z5tOxRQZN45OTpcW3kOc.jpeg','https://ec.snowpeak.co.jp/snowpeak/ja/%E3%82%AD%E3%83%A3%E3%83%B3%E3%83%97/%E3%82%B7%E3%82%A7%E3%83%AB%E3%82%BF%E3%83%BC/60%E5%91%A8%E5%B9%B4%E8%A8%98%E5%BF%B5-%E3%83%AA%E3%83%93%E3%83%B3%E3%82%B0%E3%82%B7%E3%82%A7%E3%83%AB-Pro-/p/121259',NULL,'2019-03-11 05:23:13','2019-03-11 05:23:13'),(32,445,NULL,'スピアヘッド Pro.M','[重量]\r\n13.5kg\r\n\r\n[収納サイズ]\r\n82×30×34（h）cm\r\n\r\n[セット内容]\r\nタープ本体、フレーム長（×3）、フレーム短（×3）、ポール（×1）、ジュラルミンペグ（×33）、自在付ロープ（3m×6、2.5×6、2m×6）、キャリーバッグ、ポールケース、ペグケース\r\n\r\n[仕様]\r\n● セット内容：タープ本体、フレーム長（×3）、フレーム短（×3）、ポール（×1）、ジュラルミンペグ（×33）、自在付ロープ（3m×6、2.5×6、2m×6）、キャリーバッグ、ポールケース、ペグケース \r\n● 材質：本体／210Dポリエステルオックス、PUコーティング耐水圧1,800mmミニマム・テフロン加工、UV加工、フレーム／ジュラルミンA7001（φ9.5、φ11mm）、ポール／A6061（φ32mm） \r\n● キャリーバッグサイズ：82×30×34（h）cm \r\n● 対応人数:6名','gear_images/NBmOU93G8vOd8i9DyOKZlrVw5VRsM1dY0ccHtOL6.jpeg','https://ec.snowpeak.co.jp/snowpeak/ja/%E3%82%AD%E3%83%A3%E3%83%B3%E3%83%97/%E3%82%B7%E3%82%A7%E3%83%AB%E3%82%BF%E3%83%BC/%E3%82%B9%E3%83%94%E3%82%A2%E3%83%98%E3%83%83%E3%83%89-Pro-M/p/121256',NULL,'2019-03-11 05:28:22','2019-03-11 05:28:22'),(33,445,NULL,'スピアヘッド Pro.L','[重量]\r\n16kg\r\n\r\n[収納サイズ]\r\n87×33×38（h）cm\r\n\r\n[セット内容]\r\nタープ本体、フレーム長（×3）、フレーム短（×3）、ポール（×1）、ジュラルミンペグ（×33）、自在付ロープ（3m×6、2.5×6、2m×6）、キャリーバッグ、ポールケース、ペグケース\r\n\r\n[仕様]\r\n● セット内容：タープ本体、フレーム長（×3）、フレーム短（×3）、ポール（×1）、ジュラルミンペグ（×33）、自在付ロープ（3m×6、2.5×6、2m×6）、キャリーバッグ、ポールケース、ペグケース \r\n● 材質：本体／210Dポリエステルオックス、PUコーティング耐水圧1,800mmミニマム・テフロン加工、UV加工、フレーム／ジュラルミンA7001（φ11mm）、ポール／A6061（φ34mm） \r\n●キャリーバッグサイズ：87×33×38（h）cm \r\n● 対応人数:8名','gear_images/UoMDf6DQcqUIePPI5QhpJwf0V1yHr4JsBA6gDQRI.jpeg','https://ec.snowpeak.co.jp/snowpeak/ja/%E3%82%AD%E3%83%A3%E3%83%B3%E3%83%97/%E3%82%B7%E3%82%A7%E3%83%AB%E3%82%BF%E3%83%BC/%E3%82%B9%E3%83%94%E3%82%A2%E3%83%98%E3%83%83%E3%83%89-Pro-L/p/121253',NULL,'2019-03-11 05:32:36','2019-03-11 05:32:36'),(34,445,NULL,'メッシュシェルター','Mesh Shelter\r\n\r\n[サイズ]\r\n430×400×210(h)cm\r\n室内高 : 210cm\r\n\r\n[重量]\r\n11.7kg\r\n\r\n[収納サイズ]\r\n76×26×30（h）cm\r\n\r\n[セット内容]\r\n本体、リッジポール、Aフレーム（×4）、センターフレーム（×2）、バイザーフレーム（×2）、ジュラルミンペグ（21cm×22）、自在付ロープ（ 1 . 5 m×2 、2 . 5 m×6 、3.0m×4）、フレームケース、ペグケース、キャリーバッグ、シームシーリング剤\r\n\r\n[仕様]\r\n● セット内容：本体、リッジポール、Aフレーム（×4）、センターフレーム（×2）、バイザーフレーム（×2）、ジュラルミンペグ（21cm×22）、自在付ロープ（ 1 . 5 m×2 、2 . 5 m×6 、3.0m×4）、フレームケース、ペグケース、キャリーバッグ、シームシーリング剤 \r\n● 材質：本体／75Dポリエステルタフタ・PUコーティング耐水圧1,800mmミニマム・UVカット加工・テフロン撥水加工、マッドスカート／210Dポリエステルオックス・PUコーティング、フレーム／A6061（φ13mm＋φ16mm＋φ19mm）\r\n● UVカット加工 ○\r\n● キャリーバッグサイズ：76×26×30（h）cm \r\n● 対応人数:4名','gear_images/ydNS0FuoeToCEl3MvdhzmPV7S3xQz9WLUS84FXMk.jpeg','https://ec.snowpeak.co.jp/snowpeak/ja/%E3%82%AD%E3%83%A3%E3%83%B3%E3%83%97/%E3%82%B7%E3%82%A7%E3%83%AB%E3%82%BF%E3%83%BC/%E3%83%A1%E3%83%83%E3%82%B7%E3%83%A5%E3%82%B7%E3%82%A7%E3%83%AB%E3%82%BF%E3%83%BC-%5B4%E4%BA%BA%E7%94%A8%5D/p/18789',NULL,'2019-03-11 05:36:10','2019-03-11 05:36:10'),(35,445,NULL,'ランドロック','Land Lock\r\n\r\n[サイズ]\r\n625×405×205(h)cm\r\n室内高 : 205cm\r\n\r\n[重量]\r\n22.0kg(付属品含む)\r\n\r\n[収納サイズ]\r\nキャリーバッグ／75×33×36（h）cm、フレームケース／72×17×22（h）cm\r\n\r\n[セット内容]\r\n本体、インナールーム、Aフレーム（×2）、Cフレーム（×2）、センターフレーム、リッジポール、ジュラルミンペグ（21cm×27）、自在付ロープ（1.5m×2、2.5m×4、3.5m×6）、シームグリップ剤、ペグケース、フレームキャリーバッグ、キャリーバッグ、コンプレッションベルト（×2）\r\n\r\n[仕様]\r\n● セット内容：本体、インナールーム、Aフレーム（×2）、Cフレーム（×2）、センターフレーム、リッジポール、ジュラルミンペグ（21cm×27）、自在付ロープ（1.5m×2、2.5m×4、3.5m×6）、シームグリップ剤、ペグケース、フレームキャリーバッグ、キャリーバッグ、コンプレッションベルト（×2） \r\n● 材質：本体／150Dポリエステルオックス・遮光ピグメントPUコーティング耐水圧3,000mmミニマム（ルーフ部）・UVカット加工・テフロン撥水加工・150Dポリエステルオックス・PUコーティング耐水圧1,800mmミニマム（ウォール部）・UVカット加工・テフロン撥水加工・フレーム／A6061（φ19mm）、インナールーム／68Dポリエステルタフタ（ウォール）・210Dポリエステルオックス・PUコーティング耐水圧1,800mmミニマム（ボトム） \r\n● 収納ケースサイズ：キャリーバッグ／75×33×36（h）cm、フレームケース／72×17×22（h）cm \r\n● 対応人数:6名','gear_images/rzEQinZzkTXm7hYRX4BFJt0KT5eRrK6if1EgI1Oq.jpeg','https://ec.snowpeak.co.jp/snowpeak/ja/%E3%82%AD%E3%83%A3%E3%83%B3%E3%83%97/%E3%82%B7%E3%82%A7%E3%83%AB%E3%82%BF%E3%83%BC/%E3%83%A9%E3%83%B3%E3%83%89%E3%83%AD%E3%83%83%E3%82%AF/p/26235',NULL,'2019-03-11 05:41:58','2019-03-11 05:41:58'),(36,445,NULL,'リビングシェル','Living Shell\r\n\r\n[サイズ]\r\n445×415×210（h）cm\r\n室内高 : 210cm\r\n\r\n[重量]\r\n13.2kg\r\n\r\n[収納サイズ]\r\n76×28×33(h)cm\r\n\r\n[セット内容]\r\n本体、Aフレーム（×2）、リッジポール（×1）、Cフレーム（×2）、ジュラルミンペグ（21cm×22）、三角ポケット（×2）、コンプレッションベルト（×2）、自在付ロープ（3.5m×4、7m×2、2m×4）、シームシーリング剤、フレームケース、ペグケース、キャリーバッグ、アップライトポール（×2）\r\n\r\n[仕様]\r\n● セット内容：本体、Aフレーム（×2）、リッジポール（×1）、Cフレーム（×2）、ジュラルミンペグ（21cm×22）、三角ポケット（×2）、コンプレッションベルト（×2）、自在付ロープ（3.5m×4、7m×2、2m×4）、シームシーリング剤、フレームケース、ペグケース、キャリーバッグ、アップライトポール（×2） \r\n● 材質：本体／75Dポリエステルタフタ・70Dナイロンタフタ・遮光ピグメントPUコーティング耐水圧3,000mmミニマム（ルーフ部）・PUコーティング耐水圧1,800mmミニマム（ウォール部）・UVカット加工・テフロン撥水加工、マッドスカート／210Dポリエステルオックス・P Uコーティング、フレーム／A6061（φ16mm＋φ19mm） \r\n● キャリーバッグサイズ：76×28×33（h）cm \r\n● 対応人数:4名','gear_images/PMS3TwTdY0sVOwRueP8H72hBaujdROkX4R10lYqI.jpeg','https://ec.snowpeak.co.jp/snowpeak/ja/%E3%82%AD%E3%83%A3%E3%83%B3%E3%83%97/%E3%82%B7%E3%82%A7%E3%83%AB%E3%82%BF%E3%83%BC/%E3%83%AA%E3%83%93%E3%83%B3%E3%82%B0%E3%82%B7%E3%82%A7%E3%83%AB-%5B4%E4%BA%BA%E7%94%A8%5D/p/18788',NULL,'2019-03-11 05:45:36','2019-03-11 05:45:36'),(37,445,NULL,'リビングシェルロング Pro.','Living Shell Long Pro.\r\n\r\n[サイズ]\r\n530×415×220(h)cm\r\n\r\n[重量]\r\n18.6kg\r\n\r\n[収納サイズ]\r\n80×28×30(h)cm\r\n\r\n[セット内容]\r\n本体、リッジポール、Aフレーム（×2）、Cフレーム（×2）、テントフレーム（×1）、アップライトポール190（×2）、ジュラルミンペグ（21cm×26）、自在付ロープ（3.5m×4、7m×2、2m×4）、シームグリップ剤、ペグケース、フレームケース、キャリーバッグ\r\n\r\n[仕様]\r\n● セット内容：本体、リッジポール、Aフレーム（×2）、Cフレーム（×2）、テントフレーム（×1）、アップライトポール190（×2）、ジュラルミンペグ（21cm×26）、自在付ロープ（3.5m×4、7m×2、2m×4）、シームグリップ剤、ペグケース、フレームケース、キャリーバッグ \r\n● 材質：本体／150Dポリエステルオックス、ルーフ部／遮光ピグメントPUコーティング耐水圧3,000mmミニマム、ウォール部／耐水圧1,800mmミニマム・テフロン撥水加工・UVカット加工、フレーム／A6061（φ16mm・19mm） \r\n● キャリーバッグサイズ：80×28×30（h）cm \r\n● 対応人数:6名','gear_images/0DHjnK5idNciQtZWO4QotADh5pva7PMVONigRpKd.jpeg','https://ec.snowpeak.co.jp/snowpeak/ja/%E3%82%AD%E3%83%A3%E3%83%B3%E3%83%97/%E3%82%B7%E3%82%A7%E3%83%AB%E3%82%BF%E3%83%BC/%E3%83%AA%E3%83%93%E3%83%B3%E3%82%B0%E3%82%B7%E3%82%A7%E3%83%AB%E3%83%AD%E3%83%B3%E3%82%B0-Pro-%5B4-6%E4%BA%BA%E7%94%A8%5D/p/10019',NULL,'2019-03-11 05:48:16','2019-03-11 05:48:16'),(38,445,NULL,'トルテュ ライト','トルテュ ライト [3-4人用]\r\nTortue Light\r\n\r\n\r\n[サイズ]\r\n580×360×205(h)cm\r\n\r\n[重量]\r\n18.5kg\r\n\r\n[収納サイズ]\r\n73×30×30(h)cm(本体キャリーバック)、70×18×20(h)cm(フレームケース)\r\n\r\n[セット内容]\r\nセット内容:(フライ/インナーテント)、リッジポール、Aフレーム(×2)、センターフレーム(×2)、Cフレーム(×2)テントフレーム(×1)、ジュラピンペグ(21×28)自在付ロープ(3.0m×2、2.5m×10、1.5m×2)、シームグリップ剤、ペグケース、フレームケース、キャリーバッグ\r\n\r\n[仕様]\r\n●材質:本体(フライ)/75Dポリエステルタフタ・PUコーティング耐水圧1,800mmミニマム(ルーフ部)、耐水圧1,800mmミニマム(ウォール部)・テフロン撥水加工・UVカット加工、インナーテント/68Dポリエステルタフタ、ボトム/210DポリエステルオックスPUコーティング耐水圧1,800mmミニマム、フレーム/A6061(φ14.5mm・16mm・17.5mm) \r\n●セット内容:(フライ/インナーテント)、リッジポール、Aフレーム(×2)、センターフレーム(×2)、Cフレーム(×2)テントフレーム(×1)、ジュラピンペグ(21×28)自在付ロープ(3.0m×2、2.5m×10、1.5m×2)、シームグリップ剤、ペグケース、フレームケース、キャリーバッグ、取扱説明書 \r\n●収納ケースサイズ:本体キャリーバッグ/W73×D30×H30cm、フレームケース/W70×D18×H20cm \r\n●カラー:ベージュ/グレー','gear_images/8PEByLXfsVcvHcGAvOEQ4Y05qmRjvkZxCUb0CPE0.jpeg','https://ec.snowpeak.co.jp/snowpeak/ja/%E3%82%AD%E3%83%A3%E3%83%B3%E3%83%97/%E3%82%B7%E3%82%A7%E3%83%AB%E3%82%BF%E3%83%BC/%E3%83%88%E3%83%AB%E3%83%86%E3%83%A5-%E3%83%A9%E3%82%A4%E3%83%88-%5B3-4%E4%BA%BA%E7%94%A8%5D/p/10024',NULL,'2019-03-11 05:51:34','2019-03-11 05:51:34'),(39,445,NULL,'ソル Pro.','[サイズ]\r\n580×510×210(h) cm\r\n室内高 : 210cm\r\n\r\n[重量]\r\n25.5kg\r\n\r\n[収納サイズ]\r\nキャリーバッグ/40×80×40(h)cm、フレームケース/20×70×20(h)cm\r\n\r\n[セット内容]\r\nセット内容:本体、シールドルーフ、リッジポール(×1)、Aフレーム(×3)、Cフレーム(×3)アップライトポール190cm(×2)、ジュラピンペグ(×34)、自在付ロープ(3.5m×6、2.5m×6、7m二又×2)、シームグリップ剤、ペグケース、フレームケース、キャリーバッグ\r\n\r\n[仕様]\r\n● セット内容：本体、シールドルーフ、リッジポール（×1）、Aフレーム（×3）、Cフレーム（×3）アップライトポール190㎝（×2）、ジュラルミンペグ（×34）、自在付ロープ（3.5m×6、2.5m×6、7m二又×2）、シームグリップ剤、ペグケース、フレームケース、キャリーバッグ \r\n● 材質：本体 ルーフ部／150Dポリエステルオックス・遮光ピグメントPUコーティング耐水圧3,000mmミニマム・テフロン撥水加工・UVカット加工、ウォール部／150Dポリエステルオックス・PUコーティング耐水圧1,800mmミニマム、シールドルーフ／75Dポリエステルタフタ・遮光ピグメントPUコーティング耐水圧3,000mmミニマム・テフロン撥水加工・UVカット加工、スカート部／210Dポリエステルオックス・PUコーティング、フレーム／A6061（φ19mm、φ16mm、φ13mm） \r\n● キャリーバッグサイズ：40×80×40（h）cm \r\n● フレームケースサイズ：20×70×20（h）cm \r\n●対応人数:6名','gear_images/v2hUf0ybmbiK9nE2jjmUNh5wlHreCQ5JdJ2Oh2rm.jpeg','https://ec.snowpeak.co.jp/snowpeak/ja/%E3%82%AD%E3%83%A3%E3%83%B3%E3%83%97/%E3%82%B7%E3%82%A7%E3%83%AB%E3%82%BF%E3%83%BC/%E3%82%BD%E3%83%AB-Pro-%5B6%E4%BA%BA%E7%94%A8%5D/p/11525',NULL,'2019-03-11 05:55:17','2019-03-11 05:55:17'),(40,445,NULL,'モーグ Pro.air','Morg Pro.Air\r\n\r\n[サイズ]\r\n505×420×200(h)cm\r\n\r\n[重量]\r\n15.5kg\r\n\r\n[収納サイズ]\r\n77×30×30(h)cm\r\n\r\n[セット内容]\r\n本体、シールドルーフ、リッジポール、Aフレーム（×2）、Cフレーム（×2）、テントフレーム（×1）、アップライトポール（×2）、ジュラルミンペグ（×32）、自在付ロープ（2又7m×2、3.5m×8、2m×2、2m（Oリング付）×4）、三角ポケット×2、シームグリップ剤、キャリーバッグ、フレームケース、ペグケース\r\n\r\n[仕様]\r\n● セット内容：本体、シールドルーフ、リッジポール、Aフレーム（×2）、Cフレーム（×2）、テントフレーム（×1）、アップライトポール（×2）、ジュラルミンペグ（×32）、自在付ロープ（2又7m×2、3.5m×8、2m×2、2m（Oリング付）×4）、三角ポケット×2、シームグリップ剤、キャリーバッグ、フレームケース、ペグケース \r\n● 材質：本体／50Dシリコンポリエステルリップストップ、PUコーティング耐水圧1,500mmミニマム（側部）、75Dシリコンポリエステルリップストップ、PUコーティング耐水圧1,500mmミニマム（天井部）、シールドルーフ／75Dシリコンポリエステルリップストップ、遮光ピグメントPUコーティング耐水圧1,500mmミニマム、フレーム／A6061（φ17.5mm＋φ16mm） \r\n● キャリーバッグサイズ：77×30×30（h）cm \r\n● 対応人数:6名','gear_images/a1zJ0KMrDF4zBrnRqNwSoGIAIiHJFrPiXuwOvIzL.jpeg','https://ec.snowpeak.co.jp/snowpeak/ja/%E3%82%AD%E3%83%A3%E3%83%B3%E3%83%97/%E3%82%B7%E3%82%A7%E3%83%AB%E3%82%BF%E3%83%BC/%E3%83%A2%E3%83%BC%E3%82%B0-Pro-air/p/26270',NULL,'2019-03-11 05:58:18','2019-03-11 05:58:18'),(41,270,NULL,'Djedi DCF-eVent Dome','ジェダイ・DCF-イーヴェント・ドーム\r\n\r\nサイズ：長さ 230cm x 幅 130cm x 高さ 105cm\r\n\r\n収納サイズ：長さ 34cm x 直径 14cm（テント本体）、長さ 51cm x 幅 8cm（ポール）\r\n\r\n重量：\r\nフロント・メッシュドアパネル無し：本体480g（スタッフサック込）、ポール300g（スタッフサック込）、合計780g\r\nフロント・メッシュドアパネル付：本体580g（スタッフサック込）、ポール300g（スタッフサック込）、合計880g\r\n＊メッシュドアパネル有り、無しをお選び頂けます。\r\n\r\nファブリック：\r\n上部：DCF-eVent （ミスティ・グレイ）\r\nバスタブ・フロア：DCF（グレイ）\r\n\r\n最大収容人数：2名\r\n\r\n仕様\r\n自在開閉可能なメッシュ付きダブルドア仕様のフロント・エントランス\r\n脱着可能な支柱付き、フロント通気口\r\n裾のコーナー・タイアウト4か所（ガイライン、ラインロック装着済）、サイドパネル・タイアウト2か所、各リッジライン・タイアウト4か所\r\nすべてのリッジライン・タイアウト、パネル・タイアウト用ダイニーマ・リフレクティブガイライン及びラインロック、ミニカラビナ付属\r\n外側頂点にウェビング・ループ付\r\nカーボンファイバー製専用ポール付\r\n専用フットプリント付\r\n\r\n耐水性能：>15,000 mmH2O (AATCC-TM127)\r\n透湿性能：50,000 g/m2-24hrs (JIS L 1099 B1)','gear_images/hU7B1fK5Fpi3JMxMvkhL9v14JNB0MNFV6oFSM3Oe.jpeg','https://locusgear.com/items/djedi-dcf-event-dome/',NULL,'2019-03-11 06:08:52','2019-03-11 06:08:52'),(42,270,NULL,'Khufu HB','サイズ：L 265cm x W 160cm x H 130cm\r\n\r\n収納サイズ：L 25cm x 直径 12cm\r\n\r\n重量：390g\r\n\r\nファブリック：10D シリコン/PU ハイブリッド・コーティング リップストップナイロン\r\n\r\n色：タン\r\n\r\n最大収容人数：2名\r\n\r\n仕様\r\n\r\n・フロントベント\r\n・カテナリーカーブのリッジライン\r\n・裾タイアウト9か所、各パネルタイアウト5か所、各リッジラインタイアウト4か所\r\n・すべてのタイアウトにダイニーマ・リフレクティブガイライン及びラインロック装着済み\r\n・内側頂点及び外側頂点それぞれにループ\r\n・パネル留め付き両開きファスナー。上下裏表どちらからでも開閉できるプラー付きダブルスライダーx2個\r\n・シームテープ処理済み','gear_images/Cx4zpD7bnzNOaleThKdaasRsMUgPADUrhnIUoztC.jpeg','https://locusgear.com/items/khufu-hb/',NULL,'2019-03-11 06:13:35','2019-03-11 06:17:27'),(43,270,NULL,'Khafra HB','サイズ：L 280cm x W 280cm x H 170cm\r\n\r\n収納サイズ：L 30cm x 直径 12cm\r\n\r\n重量：650g\r\n\r\nファブリック：15D シリコン/PU ハイブリッド・コーティング リップストップナイロン\r\n\r\n色：タン\r\n\r\n最大収容人数：４名\r\n\r\n仕様\r\n・ダブルベント（フロント及びリア）\r\n・カテナリーカーブのリッジライン\r\n・裾タイアウト9か所、各パネルタイアウト5か所、各リッジラインタイアウト4か所\r\n・*すべてのタイアウトにダイニーマ・リフレクティブガイライン及びラインロック装着済み\r\n・内側頂点及び外側頂点それぞれにループ\r\n・パネル留め付き両開きファスナー。上下裏表どちらからでも開閉できるプラー付きダブルスライダーx2個\r\n・シームテープ処理済み','gear_images/X8DhnyKyUsNswW07tUWwhtkPxasPjGT4pwYCNzFV.png','https://locusgear.com/items/khafra-hb/',NULL,'2019-03-11 06:19:42','2019-03-11 06:19:42'),(44,494,NULL,'炎幕','[素材]\r\nフライシート : コットン100%(表面撥水加工、抗カビ加工)\r\nグランドシート : ポリエステル オックス210D\r\nポール、ペグ : スチール製\r\n\r\n[耐水圧]\r\n1,500mm(グランドシート)\r\n\r\n[サイズ]\r\nフライ(約) W:330×D:190×H:130cm\r\nグランドシート(約) W:187×D:93×H:10cm\r\n\r\n[重量]\r\n(約)5.6kg\r\n(本体 2.8kg、ポール 0.94kg、グランドシート0.42kg)\r\n\r\n[付属品]\r\nグランドシート、ポール×2本、張り綱(2m×4本)※白色、ペグ12本、収納袋\r\n\r\n[原産国]\r\n中国','gear_images/WhsmF5VFywrnzVuqwVoKytKUT2vvjB8gf24vOulq.jpeg','https://www.tent-mark.com/enmaku/',NULL,'2019-03-11 06:39:01','2019-03-11 06:39:01'),(45,494,NULL,'炎幕DX','[素材]\r\nフライシート : コットン100%(表面撥水加工、抗カビ加工)\r\nグランドシート : ポリエステル オックス210D\r\nスカート : ポリエステル\r\nポール、ペグ : スチール製\r\n\r\n[耐水圧]\r\n¥1,500mm(グランドシート)\r\n\r\n[サイズ]\r\n本体(約) W:330×D:190×H:130cm\r\nグランドシート(約) W:187×D:93×H:10cm\r\n\r\n[重量]\r\n(約)7.6kg  (本体 3.68kg、ポール 1.88kg、グランドシート0.42kg)\r\n\r\n[付属品]\r\nグランドシート、ポール×4本、張り綱(2m×7本)※白色、ペグ×15本、収納袋\r\n\r\n[原産国]\r\n中国','gear_images/xhX9zEGMBg4Shz8PhoLmz36cuTtXOWaszE6OkO2c.jpeg','https://www.tent-mark.com/enmaku_dx/',NULL,'2019-03-11 06:43:22','2019-03-11 06:43:22'),(46,494,NULL,'PANDA TC','[素材]\r\nフライシート : ポリエステル65％、コットン35％（表面撥水加工）\r\nインナーボトム : ポリエステルタフタ68D\r\n\r\n[耐水圧]\r\nインナーボトム1,500mm\r\n\r\n[サイズ]\r\nフライシート : 270×270×170(H)cm\r\nインナー : 250×115×155(H)cm\r\n収納サイズ :（約）49×25×16cm\r\n\r\n[重量]\r\n総重量 (約)5,440g\r\nフライシート:2,750g / インナー:800g / ポール:440g / 張綱:50g / ペグ(12本):1,140g / 収納ケース(4つ):260g\r\n [付属品]\r\nポール、張綱、ペグ、収納袋\r\n\r\n[原産国]\r\nベトナム','gear_images/B8j12J4tF2jTVxRkMO8R78x5y5NuECOM7OfU31O8.jpeg','https://www.tent-mark.com/panda_tc/',NULL,'2019-03-11 06:46:32','2019-03-11 06:46:32'),(47,494,NULL,'CIRCUS TC','[素材]\r\n本体 : コットン混紡生地(TC) 撥水加工済み ポリエステル65％コットン35％\r\n裾部(スカート) : ポリエステル\r\nポール : スチール製5本継ぎ(φ32mm/280cm)\r\n\r\n※2017年生産モデルの変更点\r\n・張綱は「白」自在は「赤のアルミ自在」に変更\r\n・スカートペグポイント　3箇所（両端と中央）から2箇所（両端）に変更\r\n\r\n[サイズ]\r\n420×420×(H)280cm\r\n\r\n[総重量]\r\n(約)10,880g(本体・張り綱6,450g、ポール2,360g)\r\n\r\n[付属品]\r\nポール、張り網、設営用ガイドセット、ペグ、収納袋\r\n\r\n[原産国]\r\nベトナム','gear_images/eKDAIYMkNBLLfb5JuwuwSGoFEPwVsLvYkt8QMW7P.jpeg','https://www.tent-mark.com/circus_tc/',NULL,'2019-03-11 07:01:12','2019-03-11 07:01:12'),(48,494,NULL,'CIRCUS TC BIG','[素材]\r\n本体 : コットン混紡生地（TC）撥水加工済み、ポリエステル65％、コットン35％\r\n裾部（スカート）: ポリエステル\r\nポール : スチール製 Φ35mm\r\n\r\n※ランタンハンガーはメッシュインナーを吊るす事も考慮し高めに設定しております。\r\nランタンを吊るす際高すぎる場合は前もって張り綱やロングS環フックなどを別途ご準備いただき御利用くださいませ。\r\n\r\n[サイズ]\r\n520×520×H350cm\r\n\r\n[重量]\r\n本体 : 11,386g\r\nポール : 3,246g\r\n収納袋 : 454g\r\nアクセ : 290g（張り綱＆セットUPガイド）\r\n\r\n[付属品]\r\n収納ケース、ペグ、張り綱、設営用ガイドセット\r\n\r\n[原産国]\r\nベトナム','gear_images/DDM0Qp9BaDANVknGFSyziupBlEpBiRErwNkHdpXz.jpeg','https://www.tent-mark.com/circus_tc_big/',NULL,'2019-03-11 07:04:53','2019-03-11 07:04:53'),(49,494,NULL,'CAMPANDA「PANDA」','[総重量]\r\n2190g(ペグ　収納ケース含む)\r\n\r\n[本体重量]\r\n1940g\r\nフライ/約1030g、インナー/約640g、ポール/約270g\r\n\r\n[サイズ]\r\nフライ/約240×240×150(H)、インナー/約220×100×135(H)\r\n\r\n[素材]\r\nフライ(ベンチレーター除く)\r\n40Dナイロンリップストップ、PU/シリコンコーティング（1,500mm耐水）、シームテープ加工\r\nインナーボトム\r\n75D ポリエステルタフタ、PUコーティング（1,500mm耐水）、シームテープ加工\r\n\r\n[原産国]\r\nベトナム','gear_images/RDt7TOldpVGksglM0Kvtsd5avkVcuzaO8itqu1GP.jpeg','https://www.tent-mark.com/campanda/',NULL,'2019-03-11 07:08:54','2019-03-11 07:08:54'),(50,494,NULL,'Fami スチールボックス 40.5L 【ブラック】','[素材]\r\nスチール（紛体塗装）\r\n\r\n[サイズ]\r\nW300×D450×H300mm\r\n\r\n[容量]\r\n約40.5L\r\n\r\n[重量]\r\n約5.6kg\r\n\r\n[原産国]\r\nイタリア','gear_images/DYeNz8O43SGGd1Fhl59XWZjXAy9RB2sFJn4O9EPM.jpeg','https://www.tent-mark.com/fami_steel_box/',NULL,'2019-03-11 07:25:34','2019-03-11 07:25:34'),(51,494,NULL,'Fami スチールボックス 27L【ガルヴァナイズ】','[素材]\r\n亜鉛めっき加工\r\n\r\n[サイズ]\r\nW300×D450×H200mm\r\n\r\n[容量]\r\n約27L\r\n\r\n[重量]\r\n約4.6kg\r\n\r\n[原産国]\r\nイタリア','gear_images/jG5r1c1xtFdE6jE8erH4gEhT6GfuiQgz7vKibLqr.jpeg','https://www.tent-mark.com/fami_steel_box/',NULL,'2019-03-11 07:58:16','2019-03-11 07:58:16'),(52,494,NULL,'Fami スチールボックス 27L【ブラック】','[素材]\r\nスチール（紛体塗装）\r\n\r\n[サイズ]\r\nW300×D450×H200mm\r\n\r\n[容量]\r\n約27L\r\n\r\n[重量]\r\n約4.2kg\r\n\r\n[原産国]\r\nイタリア','gear_images/4g57d0LcPAtch3rCJdGVianxNiqEASwGzP82Tdr8.jpeg','https://www.tent-mark.com/fami_steel_box/',NULL,'2019-03-11 08:01:24','2019-03-11 08:01:24'),(53,494,NULL,'Fami スチールボックス ホール  27L【ブラック】','[素材]\r\nスチール（紛体塗装）\r\n\r\n[サイズ]\r\nW300×D450×H200mm\r\n\r\n[容量]\r\n約27L\r\n\r\n[重量]\r\n約3.6kg\r\n\r\n[原産国]\r\nイタリア','gear_images/lcuITMB6eVGLNQoeiJaRsd0cLR07fNPLuJxahPRB.jpeg','https://www.tent-mark.com/fami_steel_box/',NULL,'2019-03-11 08:04:27','2019-03-11 08:04:27'),(54,494,NULL,'Fami スチールボックス 12L【ブラック】','[素材]\r\nスチール（紛体塗装）\r\n\r\n[サイズ]\r\nW200×D300×H200mm\r\n\r\n[容量]\r\n約12L\r\n\r\n[重量]\r\n約2.2kg\r\n\r\n[原産国]\r\nイタリア','gear_images/ObvEC8G2Q5KONtxsH3jSyCi62j7AYmgaYxN9T5DG.jpeg','https://www.tent-mark.com/fami_steel_box/',NULL,'2019-03-11 08:40:58','2019-03-11 08:40:58'),(55,494,NULL,'Fami スチールボックス 8.7L【ブラック】','[素材]\r\nスチール（紛体塗装）\r\n\r\n[サイズ]\r\nW200×D300×H145mm\r\n\r\n[容量]\r\n約8.7L\r\n\r\n[重量]\r\n約1.9kg\r\n\r\n[原産国]\r\nイタリア','gear_images/kWqhhUAQPVfBYGEi3rHMUOadUdpBpoBuCxami5bb.jpeg','https://www.tent-mark.com/fami_steel_box/',NULL,'2019-03-11 08:41:51','2019-03-11 08:41:51');
/*!40000 ALTER TABLE `gears` ENABLE KEYS */;
UNLOCK TABLES;

--
-- Table structure for table `genres`
--

DROP TABLE IF EXISTS `genres`;
/*!40101 SET @saved_cs_client     = @@character_set_client */;
/*!40101 SET character_set_client = utf8 */;
CREATE TABLE `genres` (
  `id` int(10) unsigned NOT NULL AUTO_INCREMENT,
  `category_id` int(11) NOT NULL,
  `name` varchar(255) COLLATE utf8mb4_unicode_ci NOT NULL,
  `deleted_at` timestamp NULL DEFAULT NULL,
  `created_at` timestamp NULL DEFAULT NULL,
  `updated_at` timestamp NULL DEFAULT NULL,
  PRIMARY KEY (`id`)
) ENGINE=InnoDB AUTO_INCREMENT=16 DEFAULT CHARSET=utf8mb4 COLLATE=utf8mb4_unicode_ci;
/*!40101 SET character_set_client = @saved_cs_client */;

--
-- Dumping data for table `genres`
--

LOCK TABLES `genres` WRITE;
/*!40000 ALTER TABLE `genres` DISABLE KEYS */;
INSERT INTO `genres` VALUES (1,13,'ガソリンランタン',NULL,'2019-03-08 11:26:56','2019-03-08 11:26:56'),(2,13,'ガスランタン',NULL,'2019-03-08 11:26:56','2019-03-08 11:26:56'),(3,13,'灯油ランタン',NULL,'2019-03-08 11:26:56','2019-03-08 11:26:56'),(4,13,'キャンドルランタン',NULL,'2019-03-08 11:26:56','2019-03-08 11:26:56'),(5,13,'その他',NULL,'2019-03-08 11:26:56','2019-03-08 11:26:56'),(6,14,'電池式ランタン',NULL,'2019-03-08 11:26:56','2019-03-08 11:26:56'),(7,14,'ヘッドライト',NULL,'2019-03-08 11:26:56','2019-03-08 11:26:56'),(8,14,'ハンディーライト',NULL,'2019-03-08 11:26:56','2019-03-08 11:26:56'),(9,14,'その他',NULL,'2019-03-08 11:26:56','2019-03-08 11:26:56'),(10,56,'帽子',NULL,'2019-03-08 11:26:56','2019-03-08 11:26:56'),(11,56,'手袋・グローブ',NULL,'2019-03-08 11:26:56','2019-03-08 11:26:56'),(12,56,'レッグウエア',NULL,'2019-03-08 11:26:56','2019-03-08 11:26:56'),(13,56,'マフラー・ネックウォーマー',NULL,'2019-03-08 11:26:56','2019-03-08 11:26:56'),(14,56,'エプロン',NULL,'2019-03-08 11:26:56','2019-03-08 11:26:56'),(15,56,'その他',NULL,'2019-03-08 11:26:56','2019-03-08 11:26:56');
/*!40000 ALTER TABLE `genres` ENABLE KEYS */;
UNLOCK TABLES;

--
-- Table structure for table `migrations`
--

DROP TABLE IF EXISTS `migrations`;
/*!40101 SET @saved_cs_client     = @@character_set_client */;
/*!40101 SET character_set_client = utf8 */;
CREATE TABLE `migrations` (
  `id` int(10) unsigned NOT NULL AUTO_INCREMENT,
  `migration` varchar(255) COLLATE utf8mb4_unicode_ci NOT NULL,
  `batch` int(11) NOT NULL,
  PRIMARY KEY (`id`)
) ENGINE=InnoDB AUTO_INCREMENT=35 DEFAULT CHARSET=utf8mb4 COLLATE=utf8mb4_unicode_ci;
/*!40101 SET character_set_client = @saved_cs_client */;

--
-- Dumping data for table `migrations`
--

LOCK TABLES `migrations` WRITE;
/*!40000 ALTER TABLE `migrations` DISABLE KEYS */;
INSERT INTO `migrations` VALUES (12,'2014_10_12_000000_create_users_table',1),(13,'2014_10_12_100000_create_password_resets_table',1),(14,'2019_02_21_011149_create_admin_table',1),(15,'2019_02_25_015236_create_gear_table',1),(16,'2019_02_25_042229_create_brand_table',1),(17,'2019_02_25_042250_create_genre_table',1),(18,'2019_02_25_042324_create_category_table',1),(19,'2019_02_25_055200_create_big_category_table',1),(20,'2019_02_28_034624_create_brand_group_table',1),(21,'2019_03_08_064644_create_gear_profile_table',1),(22,'2019_03_08_065022_create_category_has_gear_table',1),(23,'2014_10_12_000000_create_users_table',1),(24,'2014_10_12_100000_create_password_resets_table',1),(25,'2019_02_21_011149_create_admin_table',1),(26,'2019_02_25_015236_create_gear_table',1),(27,'2019_02_25_042229_create_brand_table',1),(28,'2019_02_25_042250_create_genre_table',1),(29,'2019_02_25_042324_create_category_table',1),(30,'2019_02_25_055200_create_big_category_table',1),(31,'2019_02_28_034624_create_brand_group_table',1),(32,'2019_03_08_064644_create_gear_profile_table',1),(33,'2019_03_08_065022_create_category_has_gear_table',1),(34,'2019_03_10_091116_create_gear_user_table',2);
/*!40000 ALTER TABLE `migrations` ENABLE KEYS */;
UNLOCK TABLES;

--
-- Table structure for table `password_resets`
--

DROP TABLE IF EXISTS `password_resets`;
/*!40101 SET @saved_cs_client     = @@character_set_client */;
/*!40101 SET character_set_client = utf8 */;
CREATE TABLE `password_resets` (
  `email` varchar(255) COLLATE utf8mb4_unicode_ci NOT NULL,
  `token` varchar(255) COLLATE utf8mb4_unicode_ci NOT NULL,
  `created_at` timestamp NULL DEFAULT NULL,
  KEY `password_resets_email_index` (`email`)
) ENGINE=InnoDB DEFAULT CHARSET=utf8mb4 COLLATE=utf8mb4_unicode_ci;
/*!40101 SET character_set_client = @saved_cs_client */;

--
-- Dumping data for table `password_resets`
--

LOCK TABLES `password_resets` WRITE;
/*!40000 ALTER TABLE `password_resets` DISABLE KEYS */;
/*!40000 ALTER TABLE `password_resets` ENABLE KEYS */;
UNLOCK TABLES;

--
-- Table structure for table `users`
--

DROP TABLE IF EXISTS `users`;
/*!40101 SET @saved_cs_client     = @@character_set_client */;
/*!40101 SET character_set_client = utf8 */;
CREATE TABLE `users` (
  `id` int(10) unsigned NOT NULL AUTO_INCREMENT,
  `name` varchar(255) COLLATE utf8mb4_unicode_ci NOT NULL,
  `email` varchar(255) COLLATE utf8mb4_unicode_ci NOT NULL,
  `mail_verified_hash` varchar(255) COLLATE utf8mb4_unicode_ci NOT NULL,
  `email_verified_at` timestamp NULL DEFAULT NULL,
  `password` varchar(255) COLLATE utf8mb4_unicode_ci NOT NULL,
  `remember_token` varchar(100) COLLATE utf8mb4_unicode_ci DEFAULT NULL,
  `created_at` timestamp NULL DEFAULT NULL,
  `updated_at` timestamp NULL DEFAULT NULL,
  PRIMARY KEY (`id`),
  UNIQUE KEY `users_email_unique` (`email`),
  UNIQUE KEY `users_mail_verified_hash_unique` (`mail_verified_hash`)
) ENGINE=InnoDB AUTO_INCREMENT=2 DEFAULT CHARSET=utf8mb4 COLLATE=utf8mb4_unicode_ci;
/*!40101 SET character_set_client = @saved_cs_client */;

--
-- Dumping data for table `users`
--

LOCK TABLES `users` WRITE;
/*!40000 ALTER TABLE `users` DISABLE KEYS */;
INSERT INTO `users` VALUES (1,'Test2Q','testuser@mail.com','c6cd2c03-ece1-4dc1-9ec1-851bf961d691','2019-03-08 11:29:08','$2y$10$DBC47EGyapJOkY3Y9KG2GOnJpJPGxc6nCqejl.AtHx63wlYEcoALq',NULL,'2019-03-08 11:28:49','2019-03-08 11:29:08');
/*!40000 ALTER TABLE `users` ENABLE KEYS */;
UNLOCK TABLES;
/*!40103 SET TIME_ZONE=@OLD_TIME_ZONE */;

/*!40101 SET SQL_MODE=@OLD_SQL_MODE */;
/*!40014 SET FOREIGN_KEY_CHECKS=@OLD_FOREIGN_KEY_CHECKS */;
/*!40014 SET UNIQUE_CHECKS=@OLD_UNIQUE_CHECKS */;
/*!40101 SET CHARACTER_SET_CLIENT=@OLD_CHARACTER_SET_CLIENT */;
/*!40101 SET CHARACTER_SET_RESULTS=@OLD_CHARACTER_SET_RESULTS */;
/*!40101 SET COLLATION_CONNECTION=@OLD_COLLATION_CONNECTION */;
/*!40111 SET SQL_NOTES=@OLD_SQL_NOTES */;

-- Dump completed on 2019-03-11  8:45:28
